pdb,model,rmsd_paratope,rmsd_interface,rmsd_epitope
7q0g,ABodyBuilder2,3.1998476165555347,2.424299315945771,1.1435580133911976
7q0g,ABlooper,2.6752872529958003,2.0737550763790322,1.1435580133911976
7q0g,AF2,3.306487474764779,2.4964399339622205,1.1435580133911976
7q0g,IgFold,2.866814884658031,2.2008033964026303,1.1435580133911976
7q0g,ABB2_ensemble_rank0,3.370158849552979,2.5396281466344974,1.1435580133911976
7q0g,ABB2_ensemble_rank1,3.613535339269421,2.7054219968688247,1.1435580133911976
7q0g,ABB2_ensemble_rank2,3.157883984259957,2.395981670965037,1.1435580133911976
7q0g,ABB2_ensemble_rank3,3.6725704279799753,2.7457927291658506,1.1435580133911976
7q0i,ABodyBuilder2,2.146964736816035,3.1893489067958343,4.086786596557451
7q0i,ABlooper,2.387126903663438,3.2802380670819304,4.086786596557451
7q0i,AF2,1.3988932003823045,2.956275788208824,4.086786596557451
7q0i,IgFold,2.2010390374386146,3.209191283081495,4.086786596557451
7q0i,ABB2_ensemble_rank0,2.1103175607055467,3.1761135161169447,4.086786596557451
7q0i,ABB2_ensemble_rank1,2.5068899790400008,3.3281327998826584,4.086786596557451
7q0i,ABB2_ensemble_rank2,2.3005992004451903,3.24667952888129,4.086786596557451
7q0i,ABB2_ensemble_rank3,3.182698985613609,3.6266801189659303,4.086786596557451
7pi7,ABodyBuilder2,0.8958789251983227,1.7846397334660664,2.482511609304173
7pi7,ABlooper,1.123147343218899,1.854686416568051,2.482511609304173
7pi7,AF2,0.6188392138144808,1.7180824396237868,2.482511609304173
7pi7,IgFold,0.6906578366857848,1.7332210475873278,2.482511609304173
7pi7,ABB2_ensemble_rank0,0.8851864204977447,1.7816730762743462,2.482511609304173
7pi7,ABB2_ensemble_rank1,0.692264967602632,1.733577210028422,2.482511609304173
7pi7,ABB2_ensemble_rank2,0.9298055365506116,1.7942546344844652,2.482511609304173
7pi7,ABB2_ensemble_rank3,0.8810156887214874,1.7805242293021135,2.482511609304173
7f7e,ABodyBuilder2,2.994731240732038,2.201951292986985,0.4236197526324806
7f7e,ABlooper,3.395661284430381,2.4919280306506373,0.4236197526324806
7f7e,AF2,2.638444764590068,1.9448284677798597,0.4236197526324806
7f7e,IgFold,2.336367144145756,1.727427637508032,0.4236197526324806
7f7e,ABB2_ensemble_rank0,3.060346617963926,2.249368450238596,0.4236197526324806
7f7e,ABB2_ensemble_rank1,2.7829872449170683,2.049063135874651,0.4236197526324806
7f7e,ABB2_ensemble_rank2,2.557038407341352,1.8861781588773106,0.4236197526324806
7f7e,ABB2_ensemble_rank3,3.362122145393037,2.4676501719216906,0.4236197526324806
7n4i,ABodyBuilder2,2.1880822884378968,1.7394538467626175,0.9712521968025384
7n4i,ABlooper,1.9156794403033996,1.5556938358514163,0.9712521968025384
7n4i,AF2,1.879813817727396,1.5318118219513281,0.9712521968025384
7n4i,IgFold,1.3723269536106528,1.205184902940436,0.9712521968025384
7n4i,ABB2_ensemble_rank0,2.782275921486525,2.150682159905117,0.9712521968025384
7n4i,ABB2_ensemble_rank1,2.767871281000517,2.140590725459603,0.9712521968025384
7n4i,ABB2_ensemble_rank2,2.124673947827719,1.696341051685989,0.9712521968025384
7n4i,ABB2_ensemble_rank3,2.1207792300473405,1.6936990851084621,0.9712521968025384
7mdj,ABodyBuilder2,1.3516071878149345,1.041850030543219,0.3352259680121223
7mdj,ABlooper,1.376210146694428,1.059972780364861,0.3352259680121223
7mdj,AF2,1.0689842513421115,0.8349671803882098,0.3352259680121223
7mdj,IgFold,1.2331530850442245,0.9548173781566887,0.3352259680121223
7mdj,ABB2_ensemble_rank0,1.2737360255279997,0.9845906806460895,0.3352259680121223
7mdj,ABB2_ensemble_rank1,1.3143238880505488,1.0144152373682567,0.3352259680121223
7mdj,ABB2_ensemble_rank2,1.2416978243913976,0.961081969436918,0.3352259680121223
7mdj,ABB2_ensemble_rank3,1.1202397933668338,0.8722711003322448,0.3352259680121223
7s0b,ABodyBuilder2,1.6719757477539172,1.2680248425011853,0.4274902587751188
7s0b,ABlooper,2.415755878569635,1.8072832045466525,0.4274902587751188
7s0b,AF2,2.079665643093279,1.5627421915313298,0.4274902587751188
7s0b,IgFold,2.1092975178369344,1.5842565138734896,0.4274902587751188
7s0b,ABB2_ensemble_rank0,1.7156246090340184,1.2994385641316182,0.4274902587751188
7s0b,ABB2_ensemble_rank1,1.6821130789652108,1.2753169327765699,0.4274902587751188
7s0b,ABB2_ensemble_rank2,1.9784999192804773,1.4893717769673354,0.4274902587751188
7s0b,ABB2_ensemble_rank3,1.1823889850553344,0.9195849794444919,0.4274902587751188
7qu2,ABodyBuilder2,2.1920471886059376,1.6836005677618422,0.4104376930568015
7qu2,ABlooper,2.1370298751733063,1.6424252533053434,0.4104376930568015
7qu2,AF2,2.210021210785761,1.6970581972697527,0.4104376930568015
7qu2,IgFold,2.162636944350286,1.6615863761671517,0.4104376930568015
7qu2,ABB2_ensemble_rank0,1.4947513582014882,1.1646059636571275,0.4104376930568015
7qu2,ABB2_ensemble_rank1,2.2295011796159527,1.7116464400241636,0.4104376930568015
7qu2,ABB2_ensemble_rank2,1.6846770479536528,1.3051910787671341,0.4104376930568015
7qu2,ABB2_ensemble_rank3,1.9319473031872203,1.4892067812321683,0.4104376930568015
7nx3,ABodyBuilder2,2.1107481317922514,2.3370441454490085,2.5743381365013374
7nx3,ABlooper,1.6397427254965546,2.124593255235467,2.5743381365013374
7nx3,AF2,2.112803663371821,2.33804058582166,2.5743381365013374
7nx3,IgFold,2.158163797011581,2.3601668059278484,2.5743381365013374
7nx3,ABB2_ensemble_rank0,2.231675599969295,2.3965696603678435,2.5743381365013374
7nx3,ABB2_ensemble_rank1,2.275990428894075,2.4188287504948622,2.5743381365013374
7nx3,ABB2_ensemble_rank2,2.1120870398957976,2.3376931332236737,2.5743381365013374
7nx3,ABB2_ensemble_rank3,3.061203365400487,2.845957222290142,2.5743381365013374
7lfb,ABodyBuilder2,1.7499981471460615,3.829791443205576,5.948964252973604
7lfb,ABlooper,1.7005385050846071,3.815482090540221,5.948964252973604
7lfb,AF2,1.0277867279579476,3.6580473231520374,5.948964252973604
7lfb,IgFold,1.2160909745166195,3.694883472093811,5.948964252973604
7lfb,ABB2_ensemble_rank0,0.984720098161103,3.6504453586998205,5.948964252973604
7lfb,ABB2_ensemble_rank1,1.1755164452120044,3.6864562665015237,5.948964252973604
7lfb,ABB2_ensemble_rank2,1.028316259711268,3.6581427185217468,5.948964252973604
7lfb,ABB2_ensemble_rank3,1.73229951961876,3.8246300313986925,5.948964252973604
7m3n,ABodyBuilder2,0.7831028101122312,0.8432609712186714,0.9282298679185113
7m3n,ABlooper,1.1778329684613789,1.0863721803788904,0.9282298679185113
7m3n,AF2,1.108000771863097,1.040894911428311,0.9282298679185113
7m3n,IgFold,1.5327384254218883,1.3278677434523822,0.9282298679185113
7m3n,ABB2_ensemble_rank0,0.8607762582093734,0.8879607941452113,0.9282298679185113
7m3n,ABB2_ensemble_rank1,0.7705592458598868,0.8362283646275204,0.9282298679185113
7m3n,ABB2_ensemble_rank2,0.7879111927016481,0.8459711989462957,0.9282298679185113
7m3n,ABB2_ensemble_rank3,0.8766123765977305,0.8973010730186629,0.9282298679185113
7mzf,ABodyBuilder2,0.990511634257116,1.0640964183358852,1.124540168776663
7mzf,ABlooper,1.4540054946869805,1.2888146641933556,1.124540168776663
7mzf,AF2,0.8231358629977369,0.9953087719299029,1.124540168776663
7mzf,IgFold,1.119646108974168,1.1222589301619874,1.124540168776663
7mzf,ABB2_ensemble_rank0,1.1611338464965395,1.1417631802289214,1.124540168776663
7mzf,ABB2_ensemble_rank1,0.9645385877366291,1.052902893280248,1.124540168776663
7mzf,ABB2_ensemble_rank2,0.9770256034334248,1.0582620323873508,1.124540168776663
7mzf,ABB2_ensemble_rank3,1.155718265057085,1.1391961401749884,1.124540168776663
7kpj,ABodyBuilder2,0.3699954568309058,14.478677571307935,20.834856735480287
7kpj,ABlooper,0.0690687669130133,14.476317318475097,20.834856735480287
7kpj,AF2,0.0004710889128814,14.47623209688153,20.834856735480287
7kpj,IgFold,1.155055389507359,14.500047404113102,20.834856735480287
7kpj,ABB2_ensemble_rank0,0.3689948761368022,14.47866436366124,20.834856735480287
7kpj,ABB2_ensemble_rank1,0.4313223561570958,14.479555333779691,20.834856735480287
7kpj,ABB2_ensemble_rank2,0.3339097949184807,14.478223849081163,20.834856735480287
7kpj,ABB2_ensemble_rank3,0.3311128428344188,14.478190623703027,20.834856735480287
7pr0,ABodyBuilder2,3.211349552873678,2.3822808778488214,0.9093749420823828
7pr0,ABlooper,2.47976105077892,1.8834078053854366,0.9093749420823828
7pr0,AF2,3.5867415799762976,2.6418917043644288,0.9093749420823828
7pr0,IgFold,2.1617742202050056,1.671182815962724,0.9093749420823828
7pr0,ABB2_ensemble_rank0,2.4876325122358467,1.8887058364144862,0.9093749420823828
7pr0,ABB2_ensemble_rank1,2.65557225159092,2.002169117593182,0.9093749420823828
7pr0,ABB2_ensemble_rank2,3.132840876619831,2.328237751869588,0.9093749420823828
7pr0,ABB2_ensemble_rank3,1.8831327008825467,1.4888886456861028,0.9093749420823828
7mzh,ABodyBuilder2,0.9023336865527908,1.1600182475746121,1.4895355580252403
7mzh,ABlooper,0.8189574238754942,1.1209060708710943,1.4895355580252403
7mzh,AF2,0.4799123909202027,0.9913039770076397,1.4895355580252403
7mzh,IgFold,0.6518668189440419,1.0505522941616465,1.4895355580252403
7mzh,ABB2_ensemble_rank0,0.9268264706626044,1.1719606412919195,1.4895355580252403
7mzh,ABB2_ensemble_rank1,0.8895386647390919,1.1538589113505688,1.4895355580252403
7mzh,ABB2_ensemble_rank2,0.7023037744805267,1.0705685545369397,1.4895355580252403
7mzh,ABB2_ensemble_rank3,0.7370792113348494,1.0850034134668933,1.4895355580252403
7e5o,ABodyBuilder2,1.485839144600588,1.1030172918141101,0.5096579090265388
7e5o,ABlooper,1.3891666413159889,1.039287332982929,0.5096579090265388
7e5o,AF2,1.032696605187646,0.8099569853969212,0.5096579090265388
7e5o,IgFold,1.3302735460592852,1.0007221966583606,0.5096579090265388
7e5o,ABB2_ensemble_rank0,1.4615790209539512,1.0869783879818766,0.5096579090265388
7e5o,ABB2_ensemble_rank1,1.4856055415096736,1.102862713870134,0.5096579090265388
7e5o,ABB2_ensemble_rank2,1.703947875891881,1.2483607393610263,0.5096579090265388
7e5o,ABB2_ensemble_rank3,1.664248092198067,1.2217688664286879,0.5096579090265388
7qnw,ABodyBuilder2,2.6853490472235637,1.879586954386566,0.2663879130266158
7qnw,ABlooper,2.590549470654055,1.813931840305202,0.2663879130266158
7qnw,AF2,2.1952504593849027,1.5404874879193227,0.2663879130266158
7qnw,IgFold,2.327605746435069,1.6319753694750305,0.2663879130266158
7qnw,ABB2_ensemble_rank0,2.057639593971908,1.4454573987455,0.2663879130266158
7qnw,ABB2_ensemble_rank1,2.9395744019896943,2.055767389571479,0.2663879130266158
7qnw,ABB2_ensemble_rank2,2.6384444403452614,1.8470991825852527,0.2663879130266158
7qnw,ABB2_ensemble_rank3,2.802327345158524,1.9606351756377398,0.2663879130266158
7k9j,ABodyBuilder2,2.0641592708298,1.5929394744690495,0.5250032656147982
7k9j,ABlooper,1.2883584570093225,1.030183303699638,0.5250032656147982
7k9j,AF2,0.915442859445174,0.7712538592411486,0.5250032656147982
7k9j,IgFold,1.3331608547186904,1.0620445608066023,0.5250032656147982
7k9j,ABB2_ensemble_rank0,1.1042171956828244,0.9006793649506675,0.5250032656147982
7k9j,ABB2_ensemble_rank1,1.4541624616972535,1.148635061040394,0.5250032656147982
7k9j,ABB2_ensemble_rank2,1.6712321194317448,1.3055330028841177,0.5250032656147982
7k9j,ABB2_ensemble_rank3,2.1010067029736144,1.6200506110482626,0.5250032656147982
7qny,ABodyBuilder2,3.195681211140456,2.4608602405997995,1.0165337727151549
7qny,ABlooper,3.171270147900487,2.4435199558032834,1.0165337727151549
7qny,AF2,3.0597490039132964,2.3644379319614286,1.0165337727151549
7qny,IgFold,2.860863688567507,2.2240192757328217,1.0165337727151549
7qny,ABB2_ensemble_rank0,3.181566866709772,2.450832919482872,1.0165337727151549
7qny,ABB2_ensemble_rank1,2.9487583425628863,2.28597148741642,1.0165337727151549
7qny,ABB2_ensemble_rank2,2.4698601453299043,1.9508403939090124,1.0165337727151549
7qny,ABB2_ensemble_rank3,3.6739252804860953,2.802405516212955,1.0165337727151549
7mzi,ABodyBuilder2,0.9357193066348918,0.856559458375306,0.7379196561704744
7mzi,ABlooper,0.9496170096542478,0.8652552156103965,0.7379196561704744
7mzi,AF2,0.6654019287082897,0.6974049002043321,0.7379196561704744
7mzi,IgFold,0.989823622439236,0.8906321567967632,0.7379196561704744
7mzi,ABB2_ensemble_rank0,1.0831852189841542,0.9506942674691746,0.7379196561704744
7mzi,ABB2_ensemble_rank1,0.861347461479684,0.8107539748793127,0.7379196561704744
7mzi,ABB2_ensemble_rank2,0.9996832277752408,0.8969028041359689,0.7379196561704744
7mzi,ABB2_ensemble_rank3,0.9229568340668264,0.8486100843724983,0.7379196561704744
7e9b,ABodyBuilder2,0.5279031378682165,0.8673653992901602,1.1454607355134947
7e9b,ABlooper,0.8918435464757545,1.0159742268448164,1.1454607355134947
7e9b,AF2,0.7107962615566955,0.9354341793474155,1.1454607355134947
7e9b,IgFold,0.9199726514993488,1.0294705171474867,1.1454607355134947
7e9b,ABB2_ensemble_rank0,0.45378644815038,0.8443407460226604,1.1454607355134947
7e9b,ABB2_ensemble_rank1,0.5541154136880326,0.876176681539385,1.1454607355134947
7e9b,ABB2_ensemble_rank2,0.5429862209057351,0.8723943520528639,1.1454607355134947
7e9b,ABB2_ensemble_rank3,0.5076463596852632,0.8607904799068018,1.1454607355134947
7r8l,ABodyBuilder2,0.932464725621512,0.7626320815605532,0.5147199644972603
7r8l,ABlooper,1.6351002687335237,1.2355536294359142,0.5147199644972603
7r8l,AF2,1.3575353235306598,1.0447439905019573,0.5147199644972603
7r8l,IgFold,1.3784701692355126,1.0590055195843977,0.5147199644972603
7r8l,ABB2_ensemble_rank0,0.7183684390462023,0.6296617298546691,0.5147199644972603
7r8l,ABB2_ensemble_rank1,0.8284826188098579,0.6969178528106742,0.5147199644972603
7r8l,ABB2_ensemble_rank2,0.9124389076922094,0.7498367689512636,0.5147199644972603
7r8l,ABB2_ensemble_rank3,1.0175452372651728,0.8176257097815663,0.5147199644972603
7mzg,ABodyBuilder2,1.4995290266611143,1.1004113271777025,0.5503936343791012
7mzg,ABlooper,1.80810809654927,1.2989290317737263,0.5503936343791012
7mzg,AF2,1.8045350472172828,1.2966082003588864,0.5503936343791012
7mzg,IgFold,1.6489677118872892,1.1960247161896473,0.5503936343791012
7mzg,ABB2_ensemble_rank0,1.2954620438030848,0.9719745734212579,0.5503936343791012
7mzg,ABB2_ensemble_rank1,1.429300153017595,1.0558963874052898,0.5503936343791012
7mzg,ABB2_ensemble_rank2,1.500232360644608,1.10085860955884,0.5503936343791012
7mzg,ABB2_ensemble_rank3,1.545514233458706,1.1297127936747005,0.5503936343791012
7daa,ABodyBuilder2,1.3022612528996755,2.4182478440140147,3.162271477807215
7daa,ABlooper,1.822376387685808,2.580796059140261,3.162271477807215
7daa,AF2,0.4488086985076605,2.2584718447668513,3.162271477807215
7daa,IgFold,1.7958639733812447,2.5714867596627538,3.162271477807215
7daa,ABB2_ensemble_rank0,1.3149639616404731,2.4216823821226265,3.162271477807215
7daa,ABB2_ensemble_rank1,1.418463855405271,2.4507142436894,3.162271477807215
7daa,ABB2_ensemble_rank2,1.7025672069173758,2.5395566535739524,3.162271477807215
7daa,ABB2_ensemble_rank3,1.3979759264389031,2.4448208104333267,3.162271477807215
7ps2,ABodyBuilder2,3.4772314310498045,2.449678550479168,0.4055495887782638
7ps2,ABlooper,3.0312286335163456,2.1401892584532263,0.4055495887782638
7ps2,AF2,3.5615538527148574,2.5082612681964602,0.4055495887782638
7ps2,IgFold,3.326353599568364,2.344907299580009,0.4055495887782638
7ps2,ABB2_ensemble_rank0,3.237665891087313,2.2833548524705223,0.4055495887782638
7ps2,ABB2_ensemble_rank1,3.1100808314086823,2.194854500807484,0.4055495887782638
7ps2,ABB2_ensemble_rank2,3.458107723965438,2.436395135116171,0.4055495887782638
7ps2,ABB2_ensemble_rank3,3.684787863257589,2.593910659688059,0.4055495887782638
7si0,ABodyBuilder2,1.7226135566125618,1.2436515210012535,0.5248724603259081
7si0,ABlooper,1.4883283849416609,1.091525364605203,0.5248724603259081
7si0,AF2,1.354067341655803,1.0055927371749278,0.5248724603259081
7si0,IgFold,1.7890204976616904,1.2871634909805387,0.5248724603259081
7si0,ABB2_ensemble_rank0,1.695491873314691,1.2259248964745126,0.5248724603259081
7si0,ABB2_ensemble_rank1,1.7123761313663393,1.236957233970682,0.5248724603259081
7si0,ABB2_ensemble_rank2,1.7385863102638517,1.254103608410203,0.5248724603259081
7si0,ABB2_ensemble_rank3,1.6391353394407555,1.1891795739736726,0.5248724603259081
7e72,ABodyBuilder2,1.0286123143978885,0.9162106567623844,0.766844471150465
7e72,ABlooper,0.8663832045968969,0.8215875949344187,0.766844471150465
7e72,AF2,0.567536149290161,0.6676798828424201,0.766844471150465
7e72,IgFold,0.8574061098072783,0.8165347841859737,0.766844471150465
7e72,ABB2_ensemble_rank0,1.0332745467571796,0.9190124060343202,0.766844471150465
7e72,ABB2_ensemble_rank1,1.1926884815810883,1.0170481978802548,0.766844471150465
7e72,ABB2_ensemble_rank2,1.8492415190079916,1.4500519265602692,0.766844471150465
7e72,ABB2_ensemble_rank3,0.8782667227166986,0.8283089370294929,0.766844471150465
7or9,ABodyBuilder2,1.364214796871489,1.0514532949562,0.5239019496933507
7or9,ABlooper,2.0925336640617545,1.5570179222822949,0.5239019496933507
7or9,AF2,2.6844787713246565,1.9762328465512002,0.5239019496933507
7or9,IgFold,2.388825943762532,1.7662998156550913,0.5239019496933507
7or9,ABB2_ensemble_rank0,0.693428628078576,0.6185239115966503,0.5239019496933507
7or9,ABB2_ensemble_rank1,1.7768889463603947,1.3358680098330258,0.5239019496933507
7or9,ABB2_ensemble_rank2,2.004066018808686,1.494813560824251,0.5239019496933507
7or9,ABB2_ensemble_rank3,1.352227813493559,1.0433109654767874,0.5239019496933507
7vux,ABodyBuilder2,0.701691108110798,1.3009972172990867,1.7792119439021676
7vux,ABlooper,0.7615838868826182,1.319426000443191,1.7792119439021676
7vux,AF2,0.4803093080238305,1.2443497847719491,1.7792119439021676
7vux,IgFold,0.8105712342251106,1.3354108723723808,1.7792119439021676
7vux,ABB2_ensemble_rank0,0.5264252375273908,1.2545869182616234,1.7792119439021676
7vux,ABB2_ensemble_rank1,0.5652644510700363,1.263863839213522,1.7792119439021676
7vux,ABB2_ensemble_rank2,0.6098999341824501,1.2752470525869728,1.7792119439021676
7vux,ABB2_ensemble_rank3,0.7370674670505057,1.3117315342994633,1.7792119439021676
7ps4,ABodyBuilder2,3.659907150341535,2.676028417044913,0.5207179366652349
7ps4,ABlooper,3.854621025806887,2.8159011192075636,0.5207179366652349
7ps4,AF2,1.7883408221847843,1.3445558471468995,0.5207179366652349
7ps4,IgFold,2.2713950959281157,1.6844564816259373,0.5207179366652349
7ps4,ABB2_ensemble_rank0,3.9253180437757735,2.8667156855117235,0.5207179366652349
7ps4,ABB2_ensemble_rank1,2.337495588274649,1.7312812766200465,0.5207179366652349
7ps4,ABB2_ensemble_rank2,3.689913448668028,2.6975752197743152,0.5207179366652349
7ps4,ABB2_ensemble_rank3,3.699064015108062,2.704146642505487,0.5207179366652349
7bbj,ABodyBuilder2,1.0402123535208956,0.7884703994817399,0.4248657533448061
7bbj,ABlooper,1.1841372050892154,0.8822411376320699,0.4248657533448061
7bbj,AF2,0.9558160521902468,0.7343357294996615,0.4248657533448061
7bbj,IgFold,1.0103822454622162,0.7692539116200232,0.4248657533448061
7bbj,ABB2_ensemble_rank0,1.0067401216703766,0.7669135748435307,0.4248657533448061
7bbj,ABB2_ensemble_rank1,1.0318876162447297,0.7830991215979051,0.4248657533448061
7bbj,ABB2_ensemble_rank2,1.1178441725916672,0.8388505365728269,0.4248657533448061
7bbj,ABB2_ensemble_rank3,0.7575826668267188,0.6107666308083202,0.4248657533448061
7sem,ABodyBuilder2,1.3007112776348249,1.1694587600812751,1.0389618661536255
7sem,ABlooper,2.7191367696376627,2.0126747495903694,1.0389618661536255
7sem,AF2,1.673969608530821,1.3748234076155865,1.0389618661536255
7sem,IgFold,2.9223749341655374,2.1425270659365974,1.0389618661536255
7sem,ABB2_ensemble_rank0,0.8532880454941618,0.9560882233030341,1.0389618661536255
7sem,ABB2_ensemble_rank1,1.293789559832955,1.1658399455014201,1.0389618661536255
7sem,ABB2_ensemble_rank2,0.7634235703619384,0.919638682762586,1.0389618661536255
7sem,ABB2_ensemble_rank3,1.2660511539554256,1.1514200958036362,1.0389618661536255
7phw,ABodyBuilder2,4.968567838068721,3.5595940187325024,0.8091679645793758
7phw,ABlooper,4.967693582828716,3.55898386676444,0.8091679645793758
7phw,AF2,2.728278592662953,2.0122446265407783,0.8091679645793758
7phw,IgFold,4.28781377684051,3.085457808799596,0.8091679645793758
7phw,ABB2_ensemble_rank0,5.071461623843356,3.6314236737825993,0.8091679645793758
7phw,ABB2_ensemble_rank1,5.079043386505495,3.636717923960197,0.8091679645793758
7phw,ABB2_ensemble_rank2,6.235262450216465,4.445967308583192,0.8091679645793758
7phw,ABB2_ensemble_rank3,3.8900187519213167,2.809537211463928,0.8091679645793758
7s11,ABodyBuilder2,2.453242888321069,2.062231616554868,1.4749986741734151
7s11,ABlooper,2.82404163274794,2.304459726678636,1.4749986741734151
7s11,AF2,1.9348578742416755,1.738740289421478,1.4749986741734151
7s11,IgFold,2.3006912395182337,1.964888842889603,1.4749986741734151
7s11,ABB2_ensemble_rank0,2.4797136061411296,2.0792744958697673,1.4749986741734151
7s11,ABB2_ensemble_rank1,2.399762034539719,2.0279314114833453,1.4749986741734151
7s11,ABB2_ensemble_rank2,2.365492714492716,2.0060494601713477,1.4749986741734151
7s11,ABB2_ensemble_rank3,2.931338857511802,2.37578156961314,1.4749986741734151
7np1,ABodyBuilder2,3.4494515909164707,2.510905655779839,0.4734314713276936
7np1,ABlooper,3.718519372279978,2.703546348801028,0.4734314713276936
7np1,AF2,2.837029721448272,2.073511515544153,0.4734314713276936
7np1,IgFold,2.8358393309024685,2.072663227399788,0.4734314713276936
7np1,ABB2_ensemble_rank0,3.654227935613749,2.6574960974042314,0.4734314713276936
7np1,ABB2_ensemble_rank1,3.352331278379272,2.441431804268931,0.4734314713276936
7np1,ABB2_ensemble_rank2,3.1325733913583083,2.2843697186038034,0.4734314713276936
7np1,ABB2_ensemble_rank3,2.81197199633615,2.0556569405112954,0.4734314713276936
7cj2,ABodyBuilder2,1.3097036431052935,1.055927394975856,0.5186980443968582
7cj2,ABlooper,1.609441080239114,1.2754456628540751,0.5186980443968582
7cj2,AF2,1.533017332107601,1.2191355962208468,0.5186980443968582
7cj2,IgFold,1.7191474074759143,1.3565950064811658,0.5186980443968582
7cj2,ABB2_ensemble_rank0,1.3156434430010595,1.0602375694101813,0.5186980443968582
7cj2,ABB2_ensemble_rank1,1.2958373667795298,1.0458730889417902,0.5186980443968582
7cj2,ABB2_ensemble_rank2,1.475999043938312,1.1772595059990831,0.5186980443968582
7cj2,ABB2_ensemble_rank3,0.360076086684266,0.4330311545287422,0.5186980443968582
7n3i,ABodyBuilder2,0.8621344003990364,0.720669923247788,0.549763332236348
7n3i,ABlooper,1.9759103355006504,1.440667600238961,0.549763332236348
7n3i,AF2,1.6871341909291202,1.2469002039582864,0.549763332236348
7n3i,IgFold,1.551621831429867,1.1570179219222014,0.549763332236348
7n3i,ABB2_ensemble_rank0,1.1534346508485986,0.8991198996751174,0.549763332236348
7n3i,ABB2_ensemble_rank1,1.1702127938776683,0.9097306977944504,0.549763332236348
7n3i,ABB2_ensemble_rank2,1.0430026495349891,0.8300626081164226,0.549763332236348
7n3i,ABB2_ensemble_rank3,0.8715788640838267,0.7262411310802638,0.549763332236348
7rah,ABodyBuilder2,0.7483924139548791,0.952715665265045,1.127404975370106
7rah,ABlooper,0.9322928625616014,1.0322987627747215,1.127404975370106
7rah,AF2,0.728760555067712,0.9449049134887563,1.127404975370106
7rah,IgFold,0.7959789431789142,0.9722290598916493,1.127404975370106
7rah,ABB2_ensemble_rank0,0.5717176765223215,0.8879530626317513,1.127404975370106
7rah,ABB2_ensemble_rank1,0.718769606843848,0.9409853904212506,1.127404975370106
7rah,ABB2_ensemble_rank2,0.8408652362323569,0.9913534348259921,1.127404975370106
7rah,ABB2_ensemble_rank3,0.9004449091356643,1.0177463918732477,1.127404975370106
7n0u,ABodyBuilder2,0.5537087684333204,0.4751522507227967,0.3807176414272585
7n0u,ABlooper,1.043653513394708,0.7855439448290122,0.3807176414272585
7n0u,AF2,0.8777929214352924,0.6765598034970153,0.3807176414272585
7n0u,IgFold,1.4085806458297925,1.0317570834019532,0.3807176414272585
7n0u,ABB2_ensemble_rank0,0.7963398800939149,0.6241406600766871,0.3807176414272585
7n0u,ABB2_ensemble_rank1,0.5948482745925134,0.4993948299089734,0.3807176414272585
7n0u,ABB2_ensemble_rank2,0.5371334001196336,0.46554173390686093,0.3807176414272585
7n0u,ABB2_ensemble_rank3,0.8915779637099776,0.6855133798355669,0.3807176414272585
7rks,ABodyBuilder2,3.8085017835632993,2.7014323320684666,1.0952391830246953
7rks,ABlooper,4.296573465659543,3.018416488052483,1.0952391830246953
7rks,AF2,3.3433826280372005,2.4027277611124798,1.0952391830246953
7rks,IgFold,4.07012997618888,2.8709730750087736,1.0952391830246953
7rks,ABB2_ensemble_rank0,4.228458872047237,2.974002942464981,1.0952391830246953
7rks,ABB2_ensemble_rank1,4.091773101810414,2.885039092514716,1.0952391830246953
7rks,ABB2_ensemble_rank2,3.399194047639279,2.438355466916459,1.0952391830246953
7rks,ABB2_ensemble_rank3,3.7825216652730416,2.6846500929302004,1.0952391830246953
7kn3,ABodyBuilder2,1.087059317562709,1.2321450685595774,1.3669985831392168
7kn3,ABlooper,0.8163205042441443,1.1203855219553085,1.3669985831392168
7kn3,AF2,0.9805904334195872,1.1856917638494568,1.3669985831392168
7kn3,IgFold,0.9629490188936698,1.178291857369483,1.3669985831392168
7kn3,ABB2_ensemble_rank0,1.075063872103217,1.2267636305672969,1.3669985831392168
7kn3,ABB2_ensemble_rank1,1.0379048396390878,1.2103263553388808,1.3669985831392168
7kn3,ABB2_ensemble_rank2,1.162370399716233,1.2667334391302187,1.3669985831392168
7kn3,ABB2_ensemble_rank3,0.9884672232689614,1.1890240322852108,1.3669985831392168
7n4j,ABodyBuilder2,4.224763509237455,3.275203502415795,1.1646206406019295
7n4j,ABlooper,3.0488119344140894,2.422207102001703,1.1646206406019295
7n4j,AF2,1.798357680576931,1.5566772755985445,1.1646206406019295
7n4j,IgFold,3.5969187371770674,2.817220154450255,1.1646206406019295
7n4j,ABB2_ensemble_rank0,3.2487968213067453,2.5656715545975537,1.1646206406019295
7n4j,ABB2_ensemble_rank1,3.307460928042438,2.607911600290845,1.1646206406019295
7n4j,ABB2_ensemble_rank2,4.305867685031218,3.334676270640168,1.1646206406019295
7n4j,ABB2_ensemble_rank3,3.187859297305021,2.5218664443547856,1.1646206406019295
7kn4,ABodyBuilder2,1.2164997160472608,0.9099630052653082,0.4552293156384136
7kn4,ABlooper,1.5487794500449674,1.1297125041546787,0.4552293156384136
7kn4,AF2,1.881977310769538,1.3542046562481935,0.4552293156384136
7kn4,IgFold,1.2011221327988133,0.8999430318573475,0.4552293156384136
7kn4,ABB2_ensemble_rank0,1.48725104131901,1.0886355470265159,0.4552293156384136
7kn4,ABB2_ensemble_rank1,1.1196510841778335,0.8471513144444157,0.4552293156384136
7kn4,ABB2_ensemble_rank2,1.2486241254857875,0.9309469668824365,0.4552293156384136
7kn4,ABB2_ensemble_rank3,1.796503065011616,1.2963398152252872,0.4552293156384136
7rco,ABodyBuilder2,1.0920098221620094,1.256148745001348,1.5095300509718022
7rco,ABlooper,2.4020477261403457,2.1286233344262095,1.5095300509718022
7rco,AF2,2.455345990143255,2.16750167875001,1.5095300509718022
7rco,IgFold,2.718704942351802,2.3616056729788233,1.5095300509718022
7rco,ABB2_ensemble_rank0,0.8753214518134591,1.141437175623454,1.5095300509718022
7rco,ABB2_ensemble_rank1,1.016071925497161,1.2143434955181767,1.5095300509718022
7rco,ABB2_ensemble_rank2,1.174630123116295,1.3033531104399751,1.5095300509718022
7rco,ABB2_ensemble_rank3,1.276361994597795,1.3636702083068075,1.5095300509718022
7lr4,ABodyBuilder2,2.536268348550184,1.9375667595678465,0.958182861307061
7lr4,ABlooper,3.21408971629604,2.39973006461824,0.958182861307061
7lr4,AF2,2.18885180167048,1.7058491350234921,0.958182861307061
7lr4,IgFold,2.5855995000866026,1.9708141223812603,0.958182861307061
7lr4,ABB2_ensemble_rank0,2.5461325886308583,1.9442088775711708,0.958182861307061
7lr4,ABB2_ensemble_rank1,2.1041237351472604,1.6501082665564275,0.958182861307061
7lr4,ABB2_ensemble_rank2,2.66664149351954,2.0255900594728034,0.958182861307061
7lr4,ABB2_ensemble_rank3,2.82644342926498,2.1341176094648393,0.958182861307061
7lr3,ABodyBuilder2,0.8315991975874734,0.9616726989353053,1.0888129097771642
7lr3,ABlooper,1.363310050631371,1.2412740092939656,1.0888129097771642
7lr3,AF2,0.779450739897651,0.9383356432042169,1.0888129097771642
7lr3,IgFold,0.9515793044321024,1.0186904811829942,1.0888129097771642
7lr3,ABB2_ensemble_rank0,0.8683106270082853,0.978647507007488,1.0888129097771642
7lr3,ABB2_ensemble_rank1,0.8584816775086661,0.9740601654672032,1.0888129097771642
7lr3,ABB2_ensemble_rank2,1.0024263973131025,1.0441110699621265,1.0888129097771642
7lr3,ABB2_ensemble_rank3,0.8031274080289216,0.9488148957379803,1.0888129097771642
7qu1,ABodyBuilder2,1.7017949761807836,1.3846595551832,0.6282251854873024
7qu1,ABlooper,1.813043597405878,1.4680922426659602,0.6282251854873024
7qu1,AF2,1.2840060222836347,1.0760920129312925,0.6282251854873024
7qu1,IgFold,1.7512244397936612,1.4216802748944906,0.6282251854873024
7qu1,ABB2_ensemble_rank0,1.8395318833476748,1.4880142538334071,0.6282251854873024
7qu1,ABB2_ensemble_rank1,1.6506381109677193,1.3464363331213338,0.6282251854873024
7qu1,ABB2_ensemble_rank2,1.6286996185671148,1.330074797151654,0.6282251854873024
7qu1,ABB2_ensemble_rank3,1.7713680977211512,1.4367903704750253,0.6282251854873024
7rfb,ABodyBuilder2,2.212928947237594,1.8959114511108284,1.4077532448774808
7rfb,ABlooper,3.55378771863132,2.8056998938869464,1.4077532448774808
7rfb,AF2,3.9296519372231913,3.070495927122953,1.4077532448774808
7rfb,IgFold,2.3795036673027306,2.004410739737945,1.4077532448774808
7rfb,ABB2_ensemble_rank0,3.4294499819191966,2.718754642190606,1.4077532448774808
7rfb,ABB2_ensemble_rank1,3.781936903230725,2.966107731104007,1.4077532448774808
7rfb,ABB2_ensemble_rank2,3.4455404081474192,2.729985657651977,1.4077532448774808
7rfb,ABB2_ensemble_rank3,2.21079671151744,1.8945348486476024,1.4077532448774808
7l7r,ABodyBuilder2,2.617274721764393,1.8987140615186813,0.600085998529089
7l7r,ABlooper,2.267573011753891,1.6586124576382006,0.600085998529089
7l7r,AF2,0.6894909171659325,0.6463361859299588,0.600085998529089
7l7r,IgFold,1.7706804396503486,1.3220084010684285,0.600085998529089
7l7r,ABB2_ensemble_rank0,2.611445372913996,1.894696564274155,0.600085998529089
7l7r,ABB2_ensemble_rank1,3.1056741575201308,2.23666215355818,0.600085998529089
7l7r,ABB2_ensemble_rank2,3.593093693423236,2.575890670753369,0.600085998529089
7l7r,ABB2_ensemble_rank3,2.4143382704222485,1.7591379266072555,0.600085998529089
7pqy,ABodyBuilder2,2.6716614657651245,1.7920487757868064,0.4825338946949551
7pqy,ABlooper,2.9597596195334903,1.9777003081199136,0.4825338946949551
7pqy,AF2,2.3957579388522534,1.6150321071353113,0.4825338946949551
7pqy,IgFold,2.377471404556852,1.6033327787800393,0.4825338946949551
7pqy,ABB2_ensemble_rank0,2.67458099804397,1.7939263934366956,0.4825338946949551
7pqy,ABB2_ensemble_rank1,2.525085615325528,1.6978971529990763,0.4825338946949551
7pqy,ABB2_ensemble_rank2,2.559409788244404,1.7199239383427305,0.4825338946949551
7pqy,ABB2_ensemble_rank3,2.505065225587155,1.6850558208253523,0.4825338946949551
7msq,ABodyBuilder2,6.621143838248504,4.449251061868192,0.7489101677387607
7msq,ABlooper,4.50754473600017,3.0564352944944773,0.7489101677387607
7msq,AF2,5.776867623147503,3.891488294815751,0.7489101677387607
7msq,IgFold,5.808879339897313,3.9126099407862704,0.7489101677387607
7msq,ABB2_ensemble_rank0,5.29397251422637,3.5731858197513566,0.7489101677387607
7msq,ABB2_ensemble_rank1,6.431112249769438,4.323593557746079,0.7489101677387607
7msq,ABB2_ensemble_rank2,6.526613752818221,4.386736074813308,0.7489101677387607
7msq,ABB2_ensemble_rank3,6.199159137556992,4.17030012572687,0.7489101677387607
7mzk,ABodyBuilder2,2.550664265215191,1.938476894552965,0.3056664410905844
7mzk,ABlooper,1.672205669466191,1.2798093118902207,0.3056664410905844
7mzk,AF2,1.4556481595324222,1.1184135560840163,0.3056664410905844
7mzk,IgFold,2.4429846460247946,1.857532612383524,0.3056664410905844
7mzk,ABB2_ensemble_rank0,2.4014267140348724,1.8263037210695836,0.3056664410905844
7mzk,ABB2_ensemble_rank1,2.029262759056833,1.5469751729842132,0.3056664410905844
7mzk,ABB2_ensemble_rank2,2.064331267630202,1.5732654961525916,0.3056664410905844
7mzk,ABB2_ensemble_rank3,2.5603421825586605,1.9457537755982508,0.3056664410905844
7shz,ABodyBuilder2,1.5239729204731611,1.154695869485089,0.4234262877071141
7shz,ABlooper,1.4581361650318168,1.1079734257138265,0.4234262877071141
7shz,AF2,1.141428943449592,0.885601019618434,0.4234262877071141
7shz,IgFold,1.720816251251473,1.2950853527181663,0.4234262877071141
7shz,ABB2_ensemble_rank0,1.5226548267553484,1.1537591728718808,0.4234262877071141
7shz,ABB2_ensemble_rank1,1.5032030602520785,1.1399418004437791,0.4234262877071141
7shz,ABB2_ensemble_rank2,1.4814988344049151,1.1245378709336022,0.4234262877071141
7shz,ABB2_ensemble_rank3,1.4713476027363597,1.1173383656389995,0.4234262877071141
7r89,ABodyBuilder2,2.125767583955672,2.8779031032436535,3.470700897847892
7r89,ABlooper,1.753592768431608,2.749622912311595,3.470700897847892
7r89,AF2,1.7351213841537827,2.74375754578187,3.470700897847892
7r89,IgFold,1.9492552638871168,2.814725635485082,3.470700897847892
7r89,ABB2_ensemble_rank0,1.5706254118437613,2.693754712910174,3.470700897847892
7r89,ABB2_ensemble_rank1,1.8108466165630583,2.768115802404231,3.470700897847892
7r89,ABB2_ensemble_rank2,1.4853532690081117,2.6694605312754907,3.470700897847892
7r89,ABB2_ensemble_rank3,2.1173311274817626,2.874791803394235,3.470700897847892
7lfa,ABodyBuilder2,0.64974214029305,1.9988977581047178,3.201420027847353
7lfa,ABlooper,1.0219782608097607,2.095610948837914,3.201420027847353
7lfa,AF2,1.179508904273575,2.1476212965137442,3.201420027847353
7lfa,IgFold,1.1798714091699765,2.147748008201017,3.201420027847353
7lfa,ABB2_ensemble_rank0,0.568454417998022,1.98307254156498,3.201420027847353
7lfa,ABB2_ensemble_rank1,0.5140324062428729,1.9735976835460909,3.201420027847353
7lfa,ABB2_ensemble_rank2,0.6321864184686916,1.9953121982350734,3.201420027847353
7lfa,ABB2_ensemble_rank3,0.9218509292230984,2.065848377978822,3.201420027847353
7kyo,ABodyBuilder2,1.9973826269105268,1.4546247198323072,0.4922690248334136
7kyo,ABlooper,2.9388790005055028,2.1070522741999858,0.4922690248334136
7kyo,AF2,2.8424699019127764,2.039848515955348,0.4922690248334136
7kyo,IgFold,2.990761678635728,2.143243361264236,0.4922690248334136
7kyo,ABB2_ensemble_rank0,1.4648026252907784,1.0926974704530978,0.4922690248334136
7kyo,ABB2_ensemble_rank1,1.8974942767057357,1.3861481383570557,0.4922690248334136
7kyo,ABB2_ensemble_rank2,2.045440734309312,1.4876418571656047,0.4922690248334136
7kyo,ABB2_ensemble_rank3,1.308738191898081,0.9887174641279222,0.4922690248334136
7o52,ABodyBuilder2,0.5782153846741372,0.6730684612211407,0.7528372582924527
7o52,ABlooper,1.4494696712502215,1.147842268432998,0.7528372582924527
7o52,AF2,1.6039786663926023,1.2443534459833394,0.7528372582924527
7o52,IgFold,1.3308776506046922,1.0752609468500196,0.7528372582924527
7o52,ABB2_ensemble_rank0,0.6335871445042517,0.6970345377752525,0.7528372582924527
7o52,ABB2_ensemble_rank1,0.6285345888731365,0.6947924269205257,0.7528372582924527
7o52,ABB2_ensemble_rank2,0.5554252969087147,0.6636099131270042,0.7528372582924527
7o52,ABB2_ensemble_rank3,0.8804835399696592,0.8177956043728318,0.7528372582924527
7mzj,ABodyBuilder2,2.9117526642194305,2.1493110997549163,0.872222924183048
7mzj,ABlooper,1.8448383489625484,1.4429486067205042,0.872222924183048
7mzj,AF2,2.1327806358915846,1.629344357449422,0.872222924183048
7mzj,IgFold,1.7196247272324685,1.3634298720469213,0.872222924183048
7mzj,ABB2_ensemble_rank0,1.874588299208774,1.461994206726017,0.872222924183048
7mzj,ABB2_ensemble_rank1,2.7957600300052805,2.070875053551705,0.872222924183048
7mzj,ABB2_ensemble_rank2,3.124279383625883,2.293675488862816,0.872222924183048
7mzj,ABB2_ensemble_rank3,1.8010709580441615,1.4150317002421784,0.872222924183048
7lf7,ABodyBuilder2,0.4018715920729998,0.32369182613840514,0.1894644985240153
7lf7,ABlooper,2.2469740821971227,1.6688196339457595,0.1894644985240153
7lf7,AF2,2.0825752614398856,1.5474598371916488,0.1894644985240153
7lf7,IgFold,2.0105479564852837,1.494308639335509,0.1894644985240153
7lf7,ABB2_ensemble_rank0,0.5252315731781412,0.4092603335715323,0.1894644985240153
7lf7,ABB2_ensemble_rank1,0.3371069236626202,0.2802333976835391,0.1894644985240153
7lf7,ABB2_ensemble_rank2,0.2973848429220666,0.25438076669596843,0.1894644985240153
7lf7,ABB2_ensemble_rank3,0.8034400137041278,0.6084439352433944,0.1894644985240153
7shu,ABodyBuilder2,1.7058724786112835,1.287515898110643,0.7702201122414745
7shu,ABlooper,1.2810112006841672,1.0366474714552174,0.7702201122414745
7shu,AF2,1.5094709684325356,1.1694226422911222,0.7702201122414745
7shu,IgFold,2.0668491333041605,1.511098501478474,0.7702201122414745
7shu,ABB2_ensemble_rank0,1.6469823765444158,1.2517894926328204,0.7702201122414745
7shu,ABB2_ensemble_rank1,1.67775204638818,1.2704251599657785,0.7702201122414745
7shu,ABB2_ensemble_rank2,1.691965216784017,1.279056529800586,0.7702201122414745
7shu,ABB2_ensemble_rank3,1.5865472744951017,1.215397040538701,0.7702201122414745
7e3o,ABodyBuilder2,2.289459687059604,2.0099754266552976,1.5931009579172954
7e3o,ABlooper,2.1908772438072504,1.9479789565264898,1.5931009579172954
7e3o,AF2,3.3284548218442054,2.6986609880078123,1.5931009579172954
7e3o,IgFold,2.8308399523849594,2.3622060505798017,1.5931009579172954
7e3o,ABB2_ensemble_rank0,1.9451329323288775,1.7972075027237766,1.5931009579172954
7e3o,ABB2_ensemble_rank1,2.0883334568974528,1.8843674383509041,1.5931009579172954
7e3o,ABB2_ensemble_rank2,2.27583192139671,2.0013589083617167,1.5931009579172954
7e3o,ABB2_ensemble_rank3,2.8172856284689933,2.353186355428119,1.5931009579172954
7ps6,ABodyBuilder2,1.5962539649701046,1.2456675912879507,0.2391219122929589
7ps6,ABlooper,1.5252325453927438,1.1910803105125167,0.2391219122929589
7ps6,AF2,2.0820899622696314,1.6198552040740648,0.2391219122929589
7ps6,IgFold,2.206731563240012,1.7160041465262492,0.2391219122929589
7ps6,ABB2_ensemble_rank0,1.628351927839487,1.2703502336421246,0.2391219122929589
7ps6,ABB2_ensemble_rank1,1.6960678800678182,1.3224445046405926,0.2391219122929589
7ps6,ABB2_ensemble_rank2,1.767102826157946,1.3771213288976016,0.2391219122929589
7ps6,ABB2_ensemble_rank3,1.833318638020198,1.4281127590925013,0.2391219122929589
7kql,ABodyBuilder2,1.6594051509833183,2.1278673861857422,2.495613955460485
7kql,ABlooper,1.1337538438244237,1.9517492713462667,2.495613955460485
7kql,AF2,1.0892729403546266,1.9393132900650727,2.495613955460485
7kql,IgFold,1.9577789533556436,2.2485494153663868,2.495613955460485
7kql,ABB2_ensemble_rank0,1.734787709209006,2.1570881153697345,2.495613955460485
7kql,ABB2_ensemble_rank1,1.6848016317826429,2.1376111977399948,2.495613955460485
7kql,ABB2_ensemble_rank2,1.6895704115090568,2.1394523279499786,2.495613955460485
7kql,ABB2_ensemble_rank3,2.073102515298055,2.298577169746013,2.495613955460485
7bnv,ABodyBuilder2,6.260141575038081,4.5164598952860056,0.5955808887245597
7bnv,ABlooper,4.434041945872037,3.2123370879703868,0.5955808887245597
7bnv,AF2,3.7806421216897697,2.747508117701635,0.5955808887245597
7bnv,IgFold,4.638690481048212,3.358186621784412,0.5955808887245597
7bnv,ABB2_ensemble_rank0,3.765904523043364,2.7370418394156415,0.5955808887245597
7bnv,ABB2_ensemble_rank1,3.811666397513939,2.769543810928361,0.5955808887245597
7bnv,ABB2_ensemble_rank2,4.234159710468018,3.0699925616449697,0.5955808887245597
7bnv,ABB2_ensemble_rank3,6.2374162641573205,4.500202631148231,0.5955808887245597
7ps1,ABodyBuilder2,0.8019911113269076,0.6434390056907183,0.4097093680712786
7ps1,ABlooper,1.5749213305005507,1.1685094780042897,0.4097093680712786
7ps1,AF2,1.5253695513005483,1.1339570685271865,0.4097093680712786
7ps1,IgFold,1.489676367217955,1.1091116327790689,0.4097093680712786
7ps1,ABB2_ensemble_rank0,0.815122843353956,0.6519284570283793,0.4097093680712786
7ps1,ABB2_ensemble_rank1,1.0481272230437906,0.8061240741591834,0.4097093680712786
7ps1,ABB2_ensemble_rank2,0.764246123772375,0.6191924418581259,0.4097093680712786
7ps1,ABB2_ensemble_rank3,0.7696938418895181,0.6226770744526876,0.4097093680712786
7mrz,ABodyBuilder2,1.8325196535479908,1.5105356816285733,1.0543751326221926
7mrz,ABlooper,2.165462832413536,1.7248187775026111,1.0543751326221926
7mrz,AF2,1.9192518640320064,1.5656298792769996,1.0543751326221926
7mrz,IgFold,2.1097730563364308,1.6884893266479644,1.0543751326221926
7mrz,ABB2_ensemble_rank0,2.0384118315750084,1.6421995478901033,1.0543751326221926
7mrz,ABB2_ensemble_rank1,1.949932459126164,1.5852521752965858,1.0543751326221926
7mrz,ABB2_ensemble_rank2,1.8140939267875629,1.4989070917595921,1.0543751326221926
7mrz,ABB2_ensemble_rank3,2.0298672708800782,1.636677831777117,1.0543751326221926
7dk2,ABodyBuilder2,3.6229052575085112,2.659551845158748,0.7769135081197873
7dk2,ABlooper,3.689271629566266,2.7062788820083727,0.7769135081197873
7dk2,AF2,3.1431150817978875,2.3229241209951175,0.7769135081197873
7dk2,IgFold,3.441501827434537,2.532015741950682,0.7769135081197873
7dk2,ABB2_ensemble_rank0,3.622633215478658,2.6593603779995587,0.7769135081197873
7dk2,ABB2_ensemble_rank1,3.4402083749182326,2.5311074220666563,0.7769135081197873
7dk2,ABB2_ensemble_rank2,3.776863598786459,2.768001388887101,0.7769135081197873
7dk2,ABB2_ensemble_rank3,3.5789717400362107,2.628638568946491,0.7769135081197873
7seg,ABodyBuilder2,1.1388638961176023,0.998174609129568,0.8430462904966886
7seg,ABlooper,2.330432240401928,1.7350232029291224,0.8430462904966886
7seg,AF2,0.9740560743649664,0.909232706138181,0.8430462904966886
7seg,IgFold,1.4296452381908191,1.1662823424812283,0.8430462904966886
7seg,ABB2_ensemble_rank0,0.9397517617767108,0.8914706239302179,0.8430462904966886
7seg,ABB2_ensemble_rank1,1.099050861617448,0.9761894006330416,0.8430462904966886
7seg,ABB2_ensemble_rank2,1.1754404752456102,1.0186225851039643,0.8430462904966886
7seg,ABB2_ensemble_rank3,1.3164947065392272,1.0994701392031323,0.8430462904966886
7so9,ABodyBuilder2,0.3841652919400865,1.5245353895268354,2.16982279754039
7so9,ABlooper,3.8034544565168735,3.131928188728883,2.16982279754039
7so9,AF2,0.6391992287462854,1.568641497297557,2.16982279754039
7so9,IgFold,3.730301043350716,3.0855937454630307,2.16982279754039
7so9,ABB2_ensemble_rank0,2.034699680469994,2.100274952727803,2.16982279754039
7so9,ABB2_ensemble_rank1,0.7118382113478778,1.584908687700607,2.16982279754039
7so9,ABB2_ensemble_rank2,0.3364305763675614,1.5186269043245741,2.16982279754039
7so9,ABB2_ensemble_rank3,3.3771177763928217,2.8650877083460973,2.16982279754039
7k7h,ABodyBuilder2,0.705609625030061,1.0020721977982112,1.2289883792230143
7k7h,ABlooper,1.2402201050388553,1.2346170145449562,1.2289883792230143
7k7h,AF2,1.2383598889542784,1.2336830327997674,1.2289883792230143
7k7h,IgFold,1.2508513852375591,1.2399680689872485,1.2289883792230143
7k7h,ABB2_ensemble_rank0,0.8914226455636284,1.0735564189386764,1.2289883792230143
7k7h,ABB2_ensemble_rank1,0.7170102807813891,1.0061103764029615,1.2289883792230143
7k7h,ABB2_ensemble_rank2,0.9302931072533864,1.0899214883807853,1.2289883792230143
7k7h,ABB2_ensemble_rank3,1.1131065859696916,1.1724800015339951,1.2289883792230143
7ps0,ABodyBuilder2,2.4814795809855017,1.887311965078009,0.473810549661544
7ps0,ABlooper,3.2762109564144226,2.47706352281743,0.473810549661544
7ps0,AF2,2.2540406103137967,1.719334295506697,0.473810549661544
7ps0,IgFold,2.4334178552797643,1.8517757893496336,0.473810549661544
7ps0,ABB2_ensemble_rank0,2.541717445408272,1.931877700732968,0.473810549661544
7ps0,ABB2_ensemble_rank1,2.482643787820839,1.8881730034222675,0.473810549661544
7ps0,ABB2_ensemble_rank2,2.145418886326901,1.6393000571712661,0.473810549661544
7ps0,ABB2_ensemble_rank3,2.5534830005030846,1.9405855102828848,0.473810549661544
7n3c,ABodyBuilder2,0.6235440398210491,0.5417167444799911,0.4625998082879393
7n3c,ABlooper,4.297111439991035,2.917187704470887,0.4625998082879393
7n3c,AF2,4.407278964334586,2.990964132229225,0.4625998082879393
7n3c,IgFold,3.541351615506209,2.4118994366758555,0.4625998082879393
7n3c,ABB2_ensemble_rank0,0.522632861029837,0.49079870275717585,0.4625998082879393
7n3c,ABB2_ensemble_rank1,0.9298835675870076,0.7139778925855499,0.4625998082879393
7n3c,ABB2_ensemble_rank2,0.6004430419966832,0.5297212585346941,0.4625998082879393
7n3c,ABB2_ensemble_rank3,2.2430009985536192,1.550344797231509,0.4625998082879393
7s4s,ABodyBuilder2,1.1782858078775935,0.9246850885181053,0.5987553097516459
7s4s,ABlooper,1.8760152446480185,1.3720515534476592,0.5987553097516459
7s4s,AF2,1.5924615021572597,1.1867342484114283,0.5987553097516459
7s4s,IgFold,1.4080430894834457,1.0684312092423693,0.5987553097516459
7s4s,ABB2_ensemble_rank0,1.6210039242425816,1.2052221209978549,0.5987553097516459
7s4s,ABB2_ensemble_rank1,1.0301641019525811,0.8350594267285032,0.5987553097516459
7s4s,ABB2_ensemble_rank2,1.1413893400713169,0.9020958691498616,0.5987553097516459
7s4s,ABB2_ensemble_rank3,1.3903572882087991,1.05720530516742,0.5987553097516459
7kez,ABodyBuilder2,2.987276579525592,2.3553240805264983,0.4919193385012496
7kez,ABlooper,2.360144391543354,1.8703384941325105,0.4919193385012496
7kez,AF2,2.895313541457269,2.2840648218319597,0.4919193385012496
7kez,IgFold,2.1979845138699736,1.7454128388511385,0.4919193385012496
7kez,ABB2_ensemble_rank0,2.616938130106967,2.0686268848095803,0.4919193385012496
7kez,ABB2_ensemble_rank1,2.960578521539973,2.3346326079443003,0.4919193385012496
7kez,ABB2_ensemble_rank2,2.796953594446083,2.2078941192592705,0.4919193385012496
7kez,ABB2_ensemble_rank3,3.020471373809356,2.381055006238016,0.4919193385012496
7n3d,ABodyBuilder2,1.1237316149507046,0.8471364717610089,0.5042593997472602
7n3d,ABlooper,3.2025382381555687,2.2022213642880897,0.5042593997472602
7n3d,AF2,3.3347679155260894,2.290621659405238,0.5042593997472602
7n3d,IgFold,3.441621922257046,2.36212510591968,0.5042593997472602
7n3d,ABB2_ensemble_rank0,1.1339201241888304,0.8533514731887529,0.5042593997472602
7n3d,ABB2_ensemble_rank1,1.287781408939718,0.948370253806032,0.5042593997472602
7n3d,ABB2_ensemble_rank2,0.9194625368973272,0.725175540902315,0.5042593997472602
7n3d,ABB2_ensemble_rank3,2.5970719528552517,1.7990001519304577,0.5042593997472602
7stz,ABodyBuilder2,0.6263971196372126,0.7291899185625397,0.8144453065102031
7stz,ABlooper,1.982419398927206,1.4999957550079586,0.8144453065102031
7stz,AF2,0.7002961692244704,0.7611425837901282,0.8144453065102031
7stz,IgFold,1.314956079349796,1.08673353511284,0.8144453065102031
7stz,ABB2_ensemble_rank0,0.6793203851957826,0.7518524929220828,0.8144453065102031
7stz,ABB2_ensemble_rank1,0.6187710475685075,0.7260204678262069,0.8144453065102031
7stz,ABB2_ensemble_rank2,0.6451078993847829,0.7370708875147817,0.8144453065102031
7stz,ABB2_ensemble_rank3,0.8386205948040025,0.8262759374072337,0.8144453065102031
7kf0,ABodyBuilder2,2.004345902868471,1.5173573630484591,0.3605594741642307
7kf0,ABlooper,1.768097459838678,1.3432538516428671,0.3605594741642307
7kf0,AF2,2.058449511064153,1.5573083908060594,0.3605594741642307
7kf0,IgFold,1.626740778059529,1.2394196060725182,0.3605594741642307
7kf0,ABB2_ensemble_rank0,1.981848501534726,1.5007526856039815,0.3605594741642307
7kf0,ABB2_ensemble_rank1,1.5751736362768327,1.201620409870059,0.3605594741642307
7kf0,ABB2_ensemble_rank2,1.7557679538835584,1.3341856743738358,0.3605594741642307
7kf0,ABB2_ensemble_rank3,1.6971956018772918,1.2911352998512204,0.3605594741642307
7kf1,ABodyBuilder2,1.6799729846366644,1.2836228958542715,0.3707561305147113
7kf1,ABlooper,2.4092472010087103,1.823500573044783,0.3707561305147113
7kf1,AF2,4.4937773879219804,3.379243051964354,0.3707561305147113
7kf1,IgFold,1.834024212447092,1.3972075737157685,0.3707561305147113
7kf1,ABB2_ensemble_rank0,1.63747387574819,1.2523504651758797,0.3707561305147113
7kf1,ABB2_ensemble_rank1,2.5027465144707586,1.8930115193696568,0.3707561305147113
7kf1,ABB2_ensemble_rank2,2.1332537978962427,1.6186253167106877,0.3707561305147113
7kf1,ABB2_ensemble_rank3,2.691940503122184,2.033794388104215,0.3707561305147113
7phu,ABodyBuilder2,2.8725018754474188,2.5469416285499595,2.059458294590482
7phu,ABlooper,2.8191085558381364,2.5133107713383147,2.059458294590482
7phu,AF2,2.521173945823325,2.3293218416535733,2.059458294590482
7phu,IgFold,2.512711144788692,2.324195304175336,2.059458294590482
7phu,ABB2_ensemble_rank0,2.909449748140988,2.5703200023043054,2.059458294590482
7phu,ABB2_ensemble_rank1,2.416310118069078,2.266228738254768,2.059458294590482
7phu,ABB2_ensemble_rank2,2.404659361228939,2.2592783462723354,2.059458294590482
7phu,ABB2_ensemble_rank3,2.93039035467796,2.5836074002819203,2.059458294590482
6xsw,ABodyBuilder2,0.3233494918486653,1.0594584027891651,1.4500515245366872
6xsw,ABlooper,1.354795721390324,1.404129973402837,1.4500515245366872
6xsw,AF2,0.7156668658787287,1.1499646432525026,1.4500515245366872
6xsw,IgFold,1.1668767827201008,1.318755642178635,1.4500515245366872
6xsw,ABB2_ensemble_rank0,0.2940926108422532,1.0552678860504188,1.4500515245366872
6xsw,ABB2_ensemble_rank1,0.3626876379577198,1.0656881454156677,1.4500515245366872
6xsw,ABB2_ensemble_rank2,0.2697181096460555,1.052068750608333,1.4500515245366872
6xsw,ABB2_ensemble_rank3,0.8544079789808594,1.195525244172932,1.4500515245366872
7s13,ABodyBuilder2,1.2288087599052406,1.1153759015836582,0.9486557475859
7s13,ABlooper,1.5577788866134483,1.3270940170837697,0.9486557475859
7s13,AF2,0.7230646277659937,0.8289815406786536,0.9486557475859
7s13,IgFold,1.4410262752411915,1.2504702637136673,0.9486557475859
7s13,ABB2_ensemble_rank0,1.308577700222768,1.1654357005409404,0.9486557475859
7s13,ABB2_ensemble_rank1,1.4444282845020733,1.252682443703984,0.9486557475859
7s13,ABB2_ensemble_rank2,1.1785688246360817,1.0843602604485474,0.9486557475859
7s13,ABB2_ensemble_rank3,1.2698903590929451,1.1410384934387572,0.9486557475859
