,pdb,model,rmsd_paratope
0,7rfb_A0-B0,ABodyBuilder2,3.4276351121804236
1,7rfb_A0-B0,ABlooper,3.984237277267194
2,7rfb_A0-B0,AF2,3.929651974559609
3,7rfb_A0-B0,IgFold,2.7993888753980527
4,7rfb_A0-B0,ABB2_ensemble_rank0,3.4276351121804236
5,7rfb_A0-B0,ABB2_ensemble_rank1,3.767806886105656
6,7rfb_A0-B0,ABB2_ensemble_rank2,3.434157062503535
7,7rfb_A0-B0,ABB2_ensemble_rank3,2.2042285509081565
8,7rfb_A0-B0,IgFold_ensemble_rank_0,2.7993888753980527
9,7rfb_A0-B0,IgFold_ensemble_rank_1,2.4346624407159347
10,7rfb_A0-B0,IgFold_ensemble_rank_2,2.421173251504233
11,7rfb_A0-B0,IgFold_ensemble_rank_3,2.323482787006795
12,7rfb_A0-B0,AF2_ensemble_rank_0,3.929651974559609
13,7rfb_A0-B0,AF2_ensemble_rank_1,4.972267002409888
14,7rfb_A0-B0,AF2_ensemble_rank_2,4.243032275950374
15,7rfb_A0-B0,AF2_ensemble_rank_3,4.908805514311627
16,7rfb_A0-B0,AF2_ensemble_rank_4,4.872165826684997
17,7ps1_A0-B0,ABodyBuilder2,0.8221349906900144
18,7ps1_A0-B0,ABlooper,2.086034895426172
19,7ps1_A0-B0,AF2,1.5253692818140154
20,7ps1_A0-B0,IgFold,1.2875117589709226
21,7ps1_A0-B0,ABB2_ensemble_rank0,0.8221349906900144
22,7ps1_A0-B0,ABB2_ensemble_rank1,1.050194684037287
23,7ps1_A0-B0,ABB2_ensemble_rank2,0.7523976892271176
24,7ps1_A0-B0,ABB2_ensemble_rank3,0.7770652767957839
25,7ps1_A0-B0,IgFold_ensemble_rank_0,1.2875117589709226
26,7ps1_A0-B0,IgFold_ensemble_rank_1,1.3596867443149099
27,7ps1_A0-B0,IgFold_ensemble_rank_2,1.454223658782877
28,7ps1_A0-B0,IgFold_ensemble_rank_3,1.3872674065062522
29,7ps1_A0-B0,AF2_ensemble_rank_0,1.5253692818140154
30,7ps1_A0-B0,AF2_ensemble_rank_1,1.225110685111697
31,7ps1_A0-B0,AF2_ensemble_rank_2,1.823086929763464
32,7ps1_A0-B0,AF2_ensemble_rank_3,1.572436540292561
33,7ps1_A0-B0,AF2_ensemble_rank_4,1.6683970796836816
34,7kql_H0-L0,ABodyBuilder2,1.7402884727576
35,7kql_H0-L0,ABlooper,1.8103608944386145
36,7kql_H0-L0,AF2,1.0892728261570697
37,7kql_H0-L0,IgFold,1.7298040705594653
38,7kql_H0-L0,ABB2_ensemble_rank0,1.7402884727576
39,7kql_H0-L0,ABB2_ensemble_rank1,1.6777282581892659
40,7kql_H0-L0,ABB2_ensemble_rank2,1.6861628642058855
41,7kql_H0-L0,ABB2_ensemble_rank3,2.009144010608414
42,7kql_H0-L0,IgFold_ensemble_rank_0,1.7298040705594653
43,7kql_H0-L0,IgFold_ensemble_rank_1,1.6637668039326068
44,7kql_H0-L0,IgFold_ensemble_rank_2,1.5570008342517305
45,7kql_H0-L0,IgFold_ensemble_rank_3,1.5101665039922476
46,7kql_H0-L0,AF2_ensemble_rank_0,1.0892728261570697
47,7kql_H0-L0,AF2_ensemble_rank_1,1.2960384782299428
48,7kql_H0-L0,AF2_ensemble_rank_2,1.2340609833903127
49,7kql_H0-L0,AF2_ensemble_rank_3,1.3980197389052318
50,7kql_H0-L0,AF2_ensemble_rank_4,1.442794984813805
51,7si0_I0-J0,ABodyBuilder2,1.6979441186821091
52,7si0_I0-J0,ABlooper,1.7622661265123145
53,7si0_I0-J0,AF2,1.354067217366951
54,7si0_I0-J0,IgFold,1.7469946917305483
55,7si0_I0-J0,ABB2_ensemble_rank0,1.6979441186821091
56,7si0_I0-J0,ABB2_ensemble_rank1,1.7124644844562171
57,7si0_I0-J0,ABB2_ensemble_rank2,1.7612989449642795
58,7si0_I0-J0,ABB2_ensemble_rank3,1.6460321476261588
59,7si0_I0-J0,IgFold_ensemble_rank_0,1.7469946917305483
60,7si0_I0-J0,IgFold_ensemble_rank_1,1.7536472492650714
61,7si0_I0-J0,IgFold_ensemble_rank_2,1.6977658966022584
62,7si0_I0-J0,IgFold_ensemble_rank_3,1.800545427175765
63,7si0_I0-J0,AF2_ensemble_rank_0,1.354067217366951
64,7si0_I0-J0,AF2_ensemble_rank_1,1.818074735379752
65,7si0_I0-J0,AF2_ensemble_rank_2,1.5241159162694053
66,7si0_I0-J0,AF2_ensemble_rank_3,1.7859069761928976
67,7si0_I0-J0,AF2_ensemble_rank_4,1.3640805628485193
68,7q0i_H0-L0,ABodyBuilder2,2.1082296728786565
69,7q0i_H0-L0,ABlooper,2.9456310480338113
70,7q0i_H0-L0,AF2,1.3988931246339802
71,7q0i_H0-L0,IgFold,2.224803977202182
72,7q0i_H0-L0,ABB2_ensemble_rank0,2.1082296728786565
73,7q0i_H0-L0,ABB2_ensemble_rank1,2.5019973123194172
74,7q0i_H0-L0,ABB2_ensemble_rank2,2.2892687032842933
75,7q0i_H0-L0,ABB2_ensemble_rank3,3.1860701180211555
76,7q0i_H0-L0,IgFold_ensemble_rank_0,2.224803977202182
77,7q0i_H0-L0,IgFold_ensemble_rank_1,2.2002866160126384
78,7q0i_H0-L0,IgFold_ensemble_rank_2,2.350315871777662
79,7q0i_H0-L0,IgFold_ensemble_rank_3,2.1155874690062766
80,7q0i_H0-L0,AF2_ensemble_rank_0,1.3988931246339802
81,7q0i_H0-L0,AF2_ensemble_rank_1,1.4236455566870432
82,7q0i_H0-L0,AF2_ensemble_rank_2,1.4119469804424358
83,7q0i_H0-L0,AF2_ensemble_rank_3,3.243546123191356
84,7q0i_H0-L0,AF2_ensemble_rank_4,1.1678473462540022
85,7mzi_H0-L0,ABodyBuilder2,1.0951700917549425
86,7mzi_H0-L0,ABlooper,1.6147468636433595
87,7mzi_H0-L0,AF2,0.6654020502769341
88,7mzi_H0-L0,IgFold,1.0135115715386283
89,7mzi_H0-L0,ABB2_ensemble_rank0,1.0951700917549425
90,7mzi_H0-L0,ABB2_ensemble_rank1,0.865089470798205
91,7mzi_H0-L0,ABB2_ensemble_rank2,0.9979362479804111
92,7mzi_H0-L0,ABB2_ensemble_rank3,0.9562243026286729
93,7mzi_H0-L0,IgFold_ensemble_rank_0,1.0135115715386283
94,7mzi_H0-L0,IgFold_ensemble_rank_1,1.0160517288642867
95,7mzi_H0-L0,IgFold_ensemble_rank_2,1.0574960763814039
96,7mzi_H0-L0,IgFold_ensemble_rank_3,0.9886778730802728
97,7mzi_H0-L0,AF2_ensemble_rank_0,0.6654020502769341
98,7mzi_H0-L0,AF2_ensemble_rank_1,0.6528475849537707
99,7mzi_H0-L0,AF2_ensemble_rank_2,0.6300640669185098
100,7mzi_H0-L0,AF2_ensemble_rank_3,0.6191213432015436
101,7mzi_H0-L0,AF2_ensemble_rank_4,0.6413683416615361
102,7k9j_H0-L0,ABodyBuilder2,1.1207689213760172
103,7k9j_H0-L0,ABlooper,2.0600760391811255
104,7k9j_H0-L0,AF2,0.9154427230238447
105,7k9j_H0-L0,IgFold,1.4638463556316192
106,7k9j_H0-L0,ABB2_ensemble_rank0,1.1207689213760172
107,7k9j_H0-L0,ABB2_ensemble_rank1,1.443174200729966
108,7k9j_H0-L0,ABB2_ensemble_rank2,1.6724161342719215
109,7k9j_H0-L0,ABB2_ensemble_rank3,2.072681337879544
110,7k9j_H0-L0,IgFold_ensemble_rank_0,1.4638463556316192
111,7k9j_H0-L0,IgFold_ensemble_rank_1,1.355166229122332
112,7k9j_H0-L0,IgFold_ensemble_rank_2,1.2861695517981326
113,7k9j_H0-L0,IgFold_ensemble_rank_3,1.4118842067461344
114,7k9j_H0-L0,AF2_ensemble_rank_0,0.9154427230238447
115,7k9j_H0-L0,AF2_ensemble_rank_1,0.8981419805856911
116,7k9j_H0-L0,AF2_ensemble_rank_2,0.9154778818484197
117,7k9j_H0-L0,AF2_ensemble_rank_3,0.8923040511604
118,7k9j_H0-L0,AF2_ensemble_rank_4,0.884149464157868
119,7rah_B0-A0,ABodyBuilder2,0.5611889390558614
120,7rah_B0-A0,ABlooper,1.6439635244213433
121,7rah_B0-A0,AF2,0.7287604217159627
122,7rah_B0-A0,IgFold,0.7138055869993924
123,7rah_B0-A0,ABB2_ensemble_rank0,0.5611889390558614
124,7rah_B0-A0,ABB2_ensemble_rank1,0.7064760343255364
125,7rah_B0-A0,ABB2_ensemble_rank2,0.7168092395559787
126,7rah_B0-A0,ABB2_ensemble_rank3,0.8983363651689015
127,7rah_B0-A0,IgFold_ensemble_rank_0,0.7138055869993924
128,7rah_B0-A0,IgFold_ensemble_rank_1,0.8280746031549718
129,7rah_B0-A0,IgFold_ensemble_rank_2,0.7869269002818811
130,7rah_B0-A0,IgFold_ensemble_rank_3,1.0436832159317835
131,7rah_B0-A0,AF2_ensemble_rank_0,0.7287604217159627
132,7rah_B0-A0,AF2_ensemble_rank_1,0.7528738957274252
133,7rah_B0-A0,AF2_ensemble_rank_2,0.5942531936931452
134,7rah_B0-A0,AF2_ensemble_rank_3,0.7291882024076548
135,7rah_B0-A0,AF2_ensemble_rank_4,0.7647427584342156
136,7lr3_H0-L0,ABodyBuilder2,0.8102695104215943
137,7lr3_H0-L0,ABlooper,1.5446516868428137
138,7lr3_H0-L0,AF2,0.7794509250356687
139,7lr3_H0-L0,IgFold,1.1105858350329652
140,7lr3_H0-L0,ABB2_ensemble_rank0,0.8102695104215943
141,7lr3_H0-L0,ABB2_ensemble_rank1,0.8618090605234318
142,7lr3_H0-L0,ABB2_ensemble_rank2,1.049553757447552
143,7lr3_H0-L0,ABB2_ensemble_rank3,0.7901471799673303
144,7lr3_H0-L0,IgFold_ensemble_rank_0,1.1105858350329652
145,7lr3_H0-L0,IgFold_ensemble_rank_1,1.1303819783120235
146,7lr3_H0-L0,IgFold_ensemble_rank_2,1.096930149903866
147,7lr3_H0-L0,IgFold_ensemble_rank_3,1.065770480585932
148,7lr3_H0-L0,AF2_ensemble_rank_0,0.7794509250356687
149,7lr3_H0-L0,AF2_ensemble_rank_1,0.8377382441508917
150,7lr3_H0-L0,AF2_ensemble_rank_2,0.7566625404879275
151,7lr3_H0-L0,AF2_ensemble_rank_3,0.7733901241055784
152,7lr3_H0-L0,AF2_ensemble_rank_4,0.8252632676248959
153,7qu2_A0-B0,ABodyBuilder2,1.4799546826974403
154,7qu2_A0-B0,ABlooper,2.7046293993893795
155,7qu2_A0-B0,AF2,2.210021529737298
156,7qu2_A0-B0,IgFold,1.9024987155517887
157,7qu2_A0-B0,ABB2_ensemble_rank0,1.4799546826974403
158,7qu2_A0-B0,ABB2_ensemble_rank1,2.285302965549819
159,7qu2_A0-B0,ABB2_ensemble_rank2,1.7610817227041897
160,7qu2_A0-B0,ABB2_ensemble_rank3,1.9331219445590797
161,7qu2_A0-B0,IgFold_ensemble_rank_0,1.9024987155517887
162,7qu2_A0-B0,IgFold_ensemble_rank_1,1.8939277292930237
163,7qu2_A0-B0,IgFold_ensemble_rank_2,2.192499038040217
164,7qu2_A0-B0,IgFold_ensemble_rank_3,2.0145108982120594
165,7qu2_A0-B0,AF2_ensemble_rank_0,2.210021529737298
166,7qu2_A0-B0,AF2_ensemble_rank_1,1.2420518366580569
167,7qu2_A0-B0,AF2_ensemble_rank_2,2.07725779660595
168,7qu2_A0-B0,AF2_ensemble_rank_3,2.049019304084247
169,7qu2_A0-B0,AF2_ensemble_rank_4,1.7793531640613989
170,7mzm_H0-L0,ABodyBuilder2,4.694602201220037
171,7mzm_H0-L0,ABlooper,2.707569790665316
172,7mzm_H0-L0,AF2,2.6050179001566107
173,7mzm_H0-L0,IgFold,4.34724755054661
174,7mzm_H0-L0,ABB2_ensemble_rank0,4.694602201220037
175,7mzm_H0-L0,ABB2_ensemble_rank1,4.723369942607503
176,7mzm_H0-L0,ABB2_ensemble_rank2,3.6778485657895836
177,7mzm_H0-L0,ABB2_ensemble_rank3,6.416758703146988
178,7mzm_H0-L0,IgFold_ensemble_rank_0,4.34724755054661
179,7mzm_H0-L0,IgFold_ensemble_rank_1,4.981067530499779
180,7mzm_H0-L0,IgFold_ensemble_rank_2,3.821371497864682
181,7mzm_H0-L0,IgFold_ensemble_rank_3,4.61093509036814
182,7mzm_H0-L0,AF2_ensemble_rank_0,2.6050179001566107
183,7mzm_H0-L0,AF2_ensemble_rank_1,2.417105024781453
184,7mzm_H0-L0,AF2_ensemble_rank_2,2.5069742761623424
185,7mzm_H0-L0,AF2_ensemble_rank_3,2.5824092593203574
186,7mzm_H0-L0,AF2_ensemble_rank_4,2.375737943761822
187,7kyo_H0-L0,ABodyBuilder2,1.4323082894025345
188,7kyo_H0-L0,ABlooper,3.6198596243574
189,7kyo_H0-L0,AF2,2.842469929871862
190,7kyo_H0-L0,IgFold,2.99784111120374
191,7kyo_H0-L0,ABB2_ensemble_rank0,1.4323082894025345
192,7kyo_H0-L0,ABB2_ensemble_rank1,1.8947064190926206
193,7kyo_H0-L0,ABB2_ensemble_rank2,2.13217237319288
194,7kyo_H0-L0,ABB2_ensemble_rank3,1.3442035914909227
195,7kyo_H0-L0,IgFold_ensemble_rank_0,2.99784111120374
196,7kyo_H0-L0,IgFold_ensemble_rank_1,2.625804172435867
197,7kyo_H0-L0,IgFold_ensemble_rank_2,2.9589683137799803
198,7kyo_H0-L0,IgFold_ensemble_rank_3,2.7725641872542215
199,7kyo_H0-L0,AF2_ensemble_rank_0,2.842469929871862
200,7kyo_H0-L0,AF2_ensemble_rank_1,2.928665321896276
201,7kyo_H0-L0,AF2_ensemble_rank_2,2.894797178640445
202,7kyo_H0-L0,AF2_ensemble_rank_3,2.8507340573403077
203,7kyo_H0-L0,AF2_ensemble_rank_4,2.7803044229774367
204,7b0b_H0-L0,ABodyBuilder2,0.5737059284015359
205,7b0b_H0-L0,ABlooper,2.084388607525256
206,7b0b_H0-L0,AF2,1.4603999378483414
207,7b0b_H0-L0,IgFold,1.5013596078265634
208,7b0b_H0-L0,ABB2_ensemble_rank0,0.5737059284015359
209,7b0b_H0-L0,ABB2_ensemble_rank1,0.7636351823688983
210,7b0b_H0-L0,ABB2_ensemble_rank2,0.9354001403691381
211,7b0b_H0-L0,ABB2_ensemble_rank3,0.4196018713270553
212,7b0b_H0-L0,IgFold_ensemble_rank_0,1.5013596078265634
213,7b0b_H0-L0,IgFold_ensemble_rank_1,1.7195615832666469
214,7b0b_H0-L0,IgFold_ensemble_rank_2,1.8073398015301645
215,7b0b_H0-L0,IgFold_ensemble_rank_3,2.106200198517577
216,7b0b_H0-L0,AF2_ensemble_rank_0,1.4603999378483414
217,7b0b_H0-L0,AF2_ensemble_rank_1,2.1088043452290695
218,7b0b_H0-L0,AF2_ensemble_rank_2,1.959128622375283
219,7b0b_H0-L0,AF2_ensemble_rank_3,1.9233960199676416
220,7b0b_H0-L0,AF2_ensemble_rank_4,1.3417928630301577
221,7qny_A0-B0,ABodyBuilder2,3.2206319971535144
222,7qny_A0-B0,ABlooper,2.69361891796499
223,7qny_A0-B0,AF2,3.0597489018099684
224,7qny_A0-B0,IgFold,2.8037202094271163
225,7qny_A0-B0,ABB2_ensemble_rank0,3.2206319971535144
226,7qny_A0-B0,ABB2_ensemble_rank1,2.9530454561224664
227,7qny_A0-B0,ABB2_ensemble_rank2,2.474028945533613
228,7qny_A0-B0,ABB2_ensemble_rank3,3.666636515685734
229,7qny_A0-B0,IgFold_ensemble_rank_0,2.8037202094271163
230,7qny_A0-B0,IgFold_ensemble_rank_1,2.94867663997041
231,7qny_A0-B0,IgFold_ensemble_rank_2,2.652360996381864
232,7qny_A0-B0,IgFold_ensemble_rank_3,2.871513322798068
233,7qny_A0-B0,AF2_ensemble_rank_0,3.0597489018099684
234,7qny_A0-B0,AF2_ensemble_rank_1,3.0431350541660422
235,7qny_A0-B0,AF2_ensemble_rank_2,3.008419767202004
236,7qny_A0-B0,AF2_ensemble_rank_3,2.9962029269343753
237,7qny_A0-B0,AF2_ensemble_rank_4,2.9655838215534303
238,7n4i_H0-L0,ABodyBuilder2,2.7930785651572174
239,7n4i_H0-L0,ABlooper,2.5318360551378825
240,7n4i_H0-L0,AF2,1.8798139445583453
241,7n4i_H0-L0,IgFold,1.288861217656374
242,7n4i_H0-L0,ABB2_ensemble_rank0,2.7930785651572174
243,7n4i_H0-L0,ABB2_ensemble_rank1,2.747288040269792
244,7n4i_H0-L0,ABB2_ensemble_rank2,2.100105825838842
245,7n4i_H0-L0,ABB2_ensemble_rank3,2.032353299055199
246,7n4i_H0-L0,IgFold_ensemble_rank_0,1.288861217656374
247,7n4i_H0-L0,IgFold_ensemble_rank_1,1.439326105624256
248,7n4i_H0-L0,IgFold_ensemble_rank_2,1.377056318163333
249,7n4i_H0-L0,IgFold_ensemble_rank_3,1.2052470498893366
250,7n4i_H0-L0,AF2_ensemble_rank_0,1.8798139445583453
251,7n4i_H0-L0,AF2_ensemble_rank_1,1.8597817644898746
252,7n4i_H0-L0,AF2_ensemble_rank_2,1.8785549209316366
253,7n4i_H0-L0,AF2_ensemble_rank_3,1.8837422140214757
254,7n4i_H0-L0,AF2_ensemble_rank_4,1.8757544540198927
255,7k7h_H0-L0,ABodyBuilder2,0.8905350077230434
256,7k7h_H0-L0,ABlooper,1.4792717565344298
257,7k7h_H0-L0,AF2,1.2383602221752497
258,7k7h_H0-L0,IgFold,1.293095537476833
259,7k7h_H0-L0,ABB2_ensemble_rank0,0.8905350077230434
260,7k7h_H0-L0,ABB2_ensemble_rank1,0.7234213159705773
261,7k7h_H0-L0,ABB2_ensemble_rank2,0.9225782474861721
262,7k7h_H0-L0,ABB2_ensemble_rank3,1.116411991600529
263,7k7h_H0-L0,IgFold_ensemble_rank_0,1.293095537476833
264,7k7h_H0-L0,IgFold_ensemble_rank_1,1.2797854500240873
265,7k7h_H0-L0,IgFold_ensemble_rank_2,1.2692077079980943
266,7k7h_H0-L0,IgFold_ensemble_rank_3,1.21908645951453
267,7k7h_H0-L0,AF2_ensemble_rank_0,1.2383602221752497
268,7k7h_H0-L0,AF2_ensemble_rank_1,1.2840201900004573
269,7k7h_H0-L0,AF2_ensemble_rank_2,1.2848015563995066
270,7k7h_H0-L0,AF2_ensemble_rank_3,1.2567789029363523
271,7k7h_H0-L0,AF2_ensemble_rank_4,1.2582354902853352
272,7l7e_C0-D0,ABodyBuilder2,8.496845119348084
273,7l7e_C0-D0,ABlooper,7.765413768819828
274,7l7e_C0-D0,AF2,7.212099174713689
275,7l7e_C0-D0,IgFold,7.107399907772848
276,7l7e_C0-D0,ABB2_ensemble_rank0,8.496845119348084
277,7l7e_C0-D0,ABB2_ensemble_rank1,8.500653153657282
278,7l7e_C0-D0,ABB2_ensemble_rank2,8.967700137916012
279,7l7e_C0-D0,ABB2_ensemble_rank3,7.568792506327314
280,7l7e_C0-D0,IgFold_ensemble_rank_0,7.107399907772848
281,7l7e_C0-D0,IgFold_ensemble_rank_1,8.004986571274051
282,7l7e_C0-D0,IgFold_ensemble_rank_2,7.770094081624455
283,7l7e_C0-D0,IgFold_ensemble_rank_3,8.011733873089149
284,7l7e_C0-D0,AF2_ensemble_rank_0,7.212099174713689
285,7l7e_C0-D0,AF2_ensemble_rank_1,7.691431804157772
286,7l7e_C0-D0,AF2_ensemble_rank_2,7.504555907913539
287,7l7e_C0-D0,AF2_ensemble_rank_3,7.458026819813762
288,7l7e_C0-D0,AF2_ensemble_rank_4,7.228668501446442
289,7msq_D0-E0,ABodyBuilder2,5.306810069546729
290,7msq_D0-E0,ABlooper,4.155620842832751
291,7msq_D0-E0,AF2,5.776867416791221
292,7msq_D0-E0,IgFold,5.747405358257504
293,7msq_D0-E0,ABB2_ensemble_rank0,5.306810069546729
294,7msq_D0-E0,ABB2_ensemble_rank1,6.484368804560999
295,7msq_D0-E0,ABB2_ensemble_rank2,6.540644318779466
296,7msq_D0-E0,ABB2_ensemble_rank3,6.287740400204397
297,7msq_D0-E0,IgFold_ensemble_rank_0,5.747405358257504
298,7msq_D0-E0,IgFold_ensemble_rank_1,5.853319645306622
299,7msq_D0-E0,IgFold_ensemble_rank_2,5.611953503991831
300,7msq_D0-E0,IgFold_ensemble_rank_3,5.9354465146004385
301,7msq_D0-E0,AF2_ensemble_rank_0,5.776867416791221
302,7msq_D0-E0,AF2_ensemble_rank_1,6.024846348841221
303,7msq_D0-E0,AF2_ensemble_rank_2,5.971291804719323
304,7msq_D0-E0,AF2_ensemble_rank_3,5.665016293952586
305,7msq_D0-E0,AF2_ensemble_rank_4,6.3676948204835275
306,7ps2_A0-B0,ABodyBuilder2,3.3846110972826473
307,7ps2_A0-B0,ABlooper,3.5950898468938575
308,7ps2_A0-B0,AF2,3.5615533404607578
309,7ps2_A0-B0,IgFold,3.291678753867217
310,7ps2_A0-B0,ABB2_ensemble_rank0,3.3846110972826473
311,7ps2_A0-B0,ABB2_ensemble_rank1,2.972130372868371
312,7ps2_A0-B0,ABB2_ensemble_rank2,3.5175746358436935
313,7ps2_A0-B0,ABB2_ensemble_rank3,3.685225660345854
314,7ps2_A0-B0,IgFold_ensemble_rank_0,3.291678753867217
315,7ps2_A0-B0,IgFold_ensemble_rank_1,3.0876703984492084
316,7ps2_A0-B0,IgFold_ensemble_rank_2,3.212889811950637
317,7ps2_A0-B0,IgFold_ensemble_rank_3,3.4469337774441917
318,7ps2_A0-B0,AF2_ensemble_rank_0,3.5615533404607578
319,7ps2_A0-B0,AF2_ensemble_rank_1,3.4735758555361294
320,7ps2_A0-B0,AF2_ensemble_rank_2,3.663454825306141
321,7ps2_A0-B0,AF2_ensemble_rank_3,3.3792678950094364
322,7ps2_A0-B0,AF2_ensemble_rank_4,3.496752802337498
323,7s0b_A0-B0,ABodyBuilder2,1.7270095039419826
324,7s0b_A0-B0,ABlooper,2.0381896780529827
325,7s0b_A0-B0,AF2,2.0796655093434047
326,7s0b_A0-B0,IgFold,2.1746489742166677
327,7s0b_A0-B0,ABB2_ensemble_rank0,1.7270095039419826
328,7s0b_A0-B0,ABB2_ensemble_rank1,1.7078379944122573
329,7s0b_A0-B0,ABB2_ensemble_rank2,1.986910224275123
330,7s0b_A0-B0,ABB2_ensemble_rank3,1.1268683566382303
331,7s0b_A0-B0,IgFold_ensemble_rank_0,2.1746489742166677
332,7s0b_A0-B0,IgFold_ensemble_rank_1,2.166288073792683
333,7s0b_A0-B0,IgFold_ensemble_rank_2,2.469939705734409
334,7s0b_A0-B0,IgFold_ensemble_rank_3,2.4438046975286896
335,7s0b_A0-B0,AF2_ensemble_rank_0,2.0796655093434047
336,7s0b_A0-B0,AF2_ensemble_rank_1,2.1463324389198375
337,7s0b_A0-B0,AF2_ensemble_rank_2,2.1624638681204624
338,7s0b_A0-B0,AF2_ensemble_rank_3,2.7057579021867744
339,7s0b_A0-B0,AF2_ensemble_rank_4,1.521442274001647
340,7bbg_H0-L0,ABodyBuilder2,1.8715175077132584
341,7bbg_H0-L0,ABlooper,2.417561432191577
342,7bbg_H0-L0,AF2,2.3978788557215815
343,7bbg_H0-L0,IgFold,1.7747230255074427
344,7bbg_H0-L0,ABB2_ensemble_rank0,1.8715175077132584
345,7bbg_H0-L0,ABB2_ensemble_rank1,1.8804221850188088
346,7bbg_H0-L0,ABB2_ensemble_rank2,2.4905145334552605
347,7bbg_H0-L0,ABB2_ensemble_rank3,2.266597794865117
348,7bbg_H0-L0,IgFold_ensemble_rank_0,1.7747230255074427
349,7bbg_H0-L0,IgFold_ensemble_rank_1,1.826357243930341
350,7bbg_H0-L0,IgFold_ensemble_rank_2,1.7877336377274198
351,7bbg_H0-L0,IgFold_ensemble_rank_3,1.7000795294778497
352,7bbg_H0-L0,AF2_ensemble_rank_0,2.3978788557215815
353,7bbg_H0-L0,AF2_ensemble_rank_1,2.3507434244580896
354,7bbg_H0-L0,AF2_ensemble_rank_2,2.341383137729027
355,7bbg_H0-L0,AF2_ensemble_rank_3,2.4084308114153496
356,7bbg_H0-L0,AF2_ensemble_rank_4,2.335095085211541
357,7r8l_H0-L0,ABodyBuilder2,0.7345114310056332
358,7r8l_H0-L0,ABlooper,2.1754226534338184
359,7r8l_H0-L0,AF2,1.3575350254985266
360,7r8l_H0-L0,IgFold,1.4322707464198334
361,7r8l_H0-L0,ABB2_ensemble_rank0,0.7345114310056332
362,7r8l_H0-L0,ABB2_ensemble_rank1,0.8210063955501211
363,7r8l_H0-L0,ABB2_ensemble_rank2,0.9132050051625896
364,7r8l_H0-L0,ABB2_ensemble_rank3,1.0031345182241118
365,7r8l_H0-L0,IgFold_ensemble_rank_0,1.4322707464198334
366,7r8l_H0-L0,IgFold_ensemble_rank_1,1.389044742124189
367,7r8l_H0-L0,IgFold_ensemble_rank_2,1.4080769292304967
368,7r8l_H0-L0,IgFold_ensemble_rank_3,1.4208292639102964
369,7r8l_H0-L0,AF2_ensemble_rank_0,1.3575350254985266
370,7r8l_H0-L0,AF2_ensemble_rank_1,1.688775895667163
371,7r8l_H0-L0,AF2_ensemble_rank_2,1.5046305419950725
372,7r8l_H0-L0,AF2_ensemble_rank_3,1.5937581960248628
373,7r8l_H0-L0,AF2_ensemble_rank_4,1.589520459382492
374,7mzh_H0-L0,ABodyBuilder2,0.9090782767763872
375,7mzh_H0-L0,ABlooper,1.6578171961212582
376,7mzh_H0-L0,AF2,0.47991213712215475
377,7mzh_H0-L0,IgFold,0.6157113468702105
378,7mzh_H0-L0,ABB2_ensemble_rank0,0.9090782767763872
379,7mzh_H0-L0,ABB2_ensemble_rank1,0.9051671171234238
380,7mzh_H0-L0,ABB2_ensemble_rank2,0.7074246948646098
381,7mzh_H0-L0,ABB2_ensemble_rank3,0.730885592287298
382,7mzh_H0-L0,IgFold_ensemble_rank_0,0.6157113468702105
383,7mzh_H0-L0,IgFold_ensemble_rank_1,0.6960792283479501
384,7mzh_H0-L0,IgFold_ensemble_rank_2,0.7592725482982826
385,7mzh_H0-L0,IgFold_ensemble_rank_3,0.7250074926672613
386,7mzh_H0-L0,AF2_ensemble_rank_0,0.47991213712215475
387,7mzh_H0-L0,AF2_ensemble_rank_1,0.6852689624139738
388,7mzh_H0-L0,AF2_ensemble_rank_2,0.36884215938445664
389,7mzh_H0-L0,AF2_ensemble_rank_3,0.6956911309363593
390,7mzh_H0-L0,AF2_ensemble_rank_4,0.3710374662896005
391,7nx3_B0-C0,ABodyBuilder2,2.2259276438672533
392,7nx3_B0-C0,ABlooper,2.865678066270211
393,7nx3_B0-C0,AF2,2.1128033145792533
394,7nx3_B0-C0,IgFold,2.2460427983351354
395,7nx3_B0-C0,ABB2_ensemble_rank0,2.2259276438672533
396,7nx3_B0-C0,ABB2_ensemble_rank1,2.285032317291767
397,7nx3_B0-C0,ABB2_ensemble_rank2,2.08822617460953
398,7nx3_B0-C0,ABB2_ensemble_rank3,3.0573588231909885
399,7nx3_B0-C0,IgFold_ensemble_rank_0,2.2460427983351354
400,7nx3_B0-C0,IgFold_ensemble_rank_1,2.552411743246873
401,7nx3_B0-C0,IgFold_ensemble_rank_2,2.1691623610527277
402,7nx3_B0-C0,IgFold_ensemble_rank_3,2.211321764576921
403,7nx3_B0-C0,AF2_ensemble_rank_0,2.1128033145792533
404,7nx3_B0-C0,AF2_ensemble_rank_1,1.9647439820679828
405,7nx3_B0-C0,AF2_ensemble_rank_2,2.1489478345328266
406,7nx3_B0-C0,AF2_ensemble_rank_3,1.9448297409241466
407,7nx3_B0-C0,AF2_ensemble_rank_4,2.010873841699976
408,7l7r_B0-A0,ABodyBuilder2,2.631444606363583
409,7l7r_B0-A0,ABlooper,3.590538367111831
410,7l7r_B0-A0,AF2,0.6894908125191638
411,7l7r_B0-A0,IgFold,1.7121545725354832
412,7l7r_B0-A0,ABB2_ensemble_rank0,2.631444606363583
413,7l7r_B0-A0,ABB2_ensemble_rank1,3.0504590575220845
414,7l7r_B0-A0,ABB2_ensemble_rank2,3.6811518341329776
415,7l7r_B0-A0,ABB2_ensemble_rank3,2.3973716749481824
416,7l7r_B0-A0,IgFold_ensemble_rank_0,1.7121545725354832
417,7l7r_B0-A0,IgFold_ensemble_rank_1,1.9347667358736398
418,7l7r_B0-A0,IgFold_ensemble_rank_2,1.8444413752810171
419,7l7r_B0-A0,IgFold_ensemble_rank_3,2.454760925121108
420,7l7r_B0-A0,AF2_ensemble_rank_0,0.6894908125191638
421,7l7r_B0-A0,AF2_ensemble_rank_1,0.6405490737209184
422,7l7r_B0-A0,AF2_ensemble_rank_2,0.6840408813247877
423,7l7r_B0-A0,AF2_ensemble_rank_3,0.6858972639853712
424,7l7r_B0-A0,AF2_ensemble_rank_4,0.6829460161443621
425,7q0g_A0-B0,ABodyBuilder2,3.385300302350747
426,7q0g_A0-B0,ABlooper,3.7080749276216807
427,7q0g_A0-B0,AF2,3.3064877631899683
428,7q0g_A0-B0,IgFold,2.807793302900255
429,7q0g_A0-B0,ABB2_ensemble_rank0,3.385300302350747
430,7q0g_A0-B0,ABB2_ensemble_rank1,3.6085095229279744
431,7q0g_A0-B0,ABB2_ensemble_rank2,3.1720719573135194
432,7q0g_A0-B0,ABB2_ensemble_rank3,3.635512508140211
433,7q0g_A0-B0,IgFold_ensemble_rank_0,2.807793302900255
434,7q0g_A0-B0,IgFold_ensemble_rank_1,3.014984882281753
435,7q0g_A0-B0,IgFold_ensemble_rank_2,2.9110318070662844
436,7q0g_A0-B0,IgFold_ensemble_rank_3,3.004439233941317
437,7q0g_A0-B0,AF2_ensemble_rank_0,3.3064877631899683
438,7q0g_A0-B0,AF2_ensemble_rank_1,3.2967866148599927
439,7q0g_A0-B0,AF2_ensemble_rank_2,3.364031168662881
440,7q0g_A0-B0,AF2_ensemble_rank_3,3.326986133476392
441,7q0g_A0-B0,AF2_ensemble_rank_4,3.2996628202834994
442,7phu_B0-C0,ABodyBuilder2,2.920826711492325
443,7phu_B0-C0,ABlooper,2.214963110573834
444,7phu_B0-C0,AF2,2.5211735675573235
445,7phu_B0-C0,IgFold,2.3828740489434477
446,7phu_B0-C0,ABB2_ensemble_rank0,2.920826711492325
447,7phu_B0-C0,ABB2_ensemble_rank1,2.401767611118835
448,7phu_B0-C0,ABB2_ensemble_rank2,2.4092347666014065
449,7phu_B0-C0,ABB2_ensemble_rank3,2.9352419444385127
450,7phu_B0-C0,IgFold_ensemble_rank_0,2.3828740489434477
451,7phu_B0-C0,IgFold_ensemble_rank_1,2.7425006319709224
452,7phu_B0-C0,IgFold_ensemble_rank_2,2.8214962659720184
453,7phu_B0-C0,IgFold_ensemble_rank_3,2.4714494539728413
454,7phu_B0-C0,AF2_ensemble_rank_0,2.5211735675573235
455,7phu_B0-C0,AF2_ensemble_rank_1,2.435022345496608
456,7phu_B0-C0,AF2_ensemble_rank_2,2.5284071201576737
457,7phu_B0-C0,AF2_ensemble_rank_3,2.498564362438442
458,7phu_B0-C0,AF2_ensemble_rank_4,2.4570178729647703
459,7seg_H0-L0,ABodyBuilder2,0.9493570704125344
460,7seg_H0-L0,ABlooper,1.823388213163076
461,7seg_H0-L0,AF2,0.9740560582617528
462,7seg_H0-L0,IgFold,1.4189527940236804
463,7seg_H0-L0,ABB2_ensemble_rank0,0.9493570704125344
464,7seg_H0-L0,ABB2_ensemble_rank1,1.1301066405068534
465,7seg_H0-L0,ABB2_ensemble_rank2,1.1683828368206937
466,7seg_H0-L0,ABB2_ensemble_rank3,1.3099540454563787
467,7seg_H0-L0,IgFold_ensemble_rank_0,1.4189527940236804
468,7seg_H0-L0,IgFold_ensemble_rank_1,1.3571647588308389
469,7seg_H0-L0,IgFold_ensemble_rank_2,1.3645783686493285
470,7seg_H0-L0,IgFold_ensemble_rank_3,1.2683502362650312
471,7seg_H0-L0,AF2_ensemble_rank_0,0.9740560582617528
472,7seg_H0-L0,AF2_ensemble_rank_1,1.0105752325492217
473,7seg_H0-L0,AF2_ensemble_rank_2,1.0454662370504153
474,7seg_H0-L0,AF2_ensemble_rank_3,0.9683036229158819
475,7seg_H0-L0,AF2_ensemble_rank_4,1.0533461460530427
476,7s4s_H0-L0,ABodyBuilder2,1.6217738456544826
477,7s4s_H0-L0,ABlooper,2.2474052318004687
478,7s4s_H0-L0,AF2,1.5924615021572595
479,7s4s_H0-L0,IgFold,1.412002614938734
480,7s4s_H0-L0,ABB2_ensemble_rank0,1.6217738456544826
481,7s4s_H0-L0,ABB2_ensemble_rank1,1.0692025581269533
482,7s4s_H0-L0,ABB2_ensemble_rank2,1.163650458734973
483,7s4s_H0-L0,ABB2_ensemble_rank3,1.3791142827970528
484,7s4s_H0-L0,IgFold_ensemble_rank_0,1.412002614938734
485,7s4s_H0-L0,IgFold_ensemble_rank_1,1.4494685174585318
486,7s4s_H0-L0,IgFold_ensemble_rank_2,1.600950586986094
487,7s4s_H0-L0,IgFold_ensemble_rank_3,1.5893180909183284
488,7s4s_H0-L0,AF2_ensemble_rank_0,1.5924615021572595
489,7s4s_H0-L0,AF2_ensemble_rank_1,1.564373029652671
490,7s4s_H0-L0,AF2_ensemble_rank_2,1.5359456214418423
491,7s4s_H0-L0,AF2_ensemble_rank_3,1.5990128730476814
492,7s4s_H0-L0,AF2_ensemble_rank_4,1.5621396814906072
493,7phw_B0-C0,ABodyBuilder2,4.983049117098683
494,7phw_B0-C0,ABlooper,5.326186939419168
495,7phw_B0-C0,AF2,2.7282787790904997
496,7phw_B0-C0,IgFold,4.169541082096021
497,7phw_B0-C0,ABB2_ensemble_rank0,4.983049117098683
498,7phw_B0-C0,ABB2_ensemble_rank1,5.034233999616091
499,7phw_B0-C0,ABB2_ensemble_rank2,6.335313480753266
500,7phw_B0-C0,ABB2_ensemble_rank3,3.893523474278679
501,7phw_B0-C0,IgFold_ensemble_rank_0,4.169541082096021
502,7phw_B0-C0,IgFold_ensemble_rank_1,3.7887388446391506
503,7phw_B0-C0,IgFold_ensemble_rank_2,3.509224787617066
504,7phw_B0-C0,IgFold_ensemble_rank_3,4.3612040958629175
505,7phw_B0-C0,AF2_ensemble_rank_0,2.7282787790904997
506,7phw_B0-C0,AF2_ensemble_rank_1,2.0852161698529668
507,7phw_B0-C0,AF2_ensemble_rank_2,2.628795918855539
508,7phw_B0-C0,AF2_ensemble_rank_3,1.9227967241048103
509,7phw_B0-C0,AF2_ensemble_rank_4,2.584803657084753
510,7lr4_H0-L0,ABodyBuilder2,2.5627304118290013
511,7lr4_H0-L0,ABlooper,3.5897850093617842
512,7lr4_H0-L0,AF2,2.188851837978493
513,7lr4_H0-L0,IgFold,2.352875999953567
514,7lr4_H0-L0,ABB2_ensemble_rank0,2.5627304118290013
515,7lr4_H0-L0,ABB2_ensemble_rank1,2.087395814286815
516,7lr4_H0-L0,ABB2_ensemble_rank2,2.654691830055817
517,7lr4_H0-L0,ABB2_ensemble_rank3,2.8910759101612356
518,7lr4_H0-L0,IgFold_ensemble_rank_0,2.352875999953567
519,7lr4_H0-L0,IgFold_ensemble_rank_1,2.6597859701734685
520,7lr4_H0-L0,IgFold_ensemble_rank_2,2.892175170571726
521,7lr4_H0-L0,IgFold_ensemble_rank_3,2.5828826675273744
522,7lr4_H0-L0,AF2_ensemble_rank_0,2.188851837978493
523,7lr4_H0-L0,AF2_ensemble_rank_1,2.1050306629958895
524,7lr4_H0-L0,AF2_ensemble_rank_2,2.1313715885465094
525,7lr4_H0-L0,AF2_ensemble_rank_3,2.1419747978237256
526,7lr4_H0-L0,AF2_ensemble_rank_4,1.951536164735143
527,7l7d_H0-L0,ABodyBuilder2,0.41552305930077693
528,7l7d_H0-L0,ABlooper,1.9375630548187432
529,7l7d_H0-L0,AF2,1.367700007470367
530,7l7d_H0-L0,IgFold,1.8564451367571349
531,7l7d_H0-L0,ABB2_ensemble_rank0,0.41552305930077693
532,7l7d_H0-L0,ABB2_ensemble_rank1,0.3288021748493329
533,7l7d_H0-L0,ABB2_ensemble_rank2,0.35942888183305155
534,7l7d_H0-L0,ABB2_ensemble_rank3,0.5031614616478047
535,7l7d_H0-L0,IgFold_ensemble_rank_0,1.8564451367571349
536,7l7d_H0-L0,IgFold_ensemble_rank_1,1.9521384548413008
537,7l7d_H0-L0,IgFold_ensemble_rank_2,2.0940851151628648
538,7l7d_H0-L0,IgFold_ensemble_rank_3,2.1035175577939738
539,7l7d_H0-L0,AF2_ensemble_rank_0,1.367700007470367
540,7l7d_H0-L0,AF2_ensemble_rank_1,1.3961466167730485
541,7l7d_H0-L0,AF2_ensemble_rank_2,1.3707307674557447
542,7l7d_H0-L0,AF2_ensemble_rank_3,1.4976789352064215
543,7l7d_H0-L0,AF2_ensemble_rank_4,1.709448656389007
544,7l0l_H0-L0,ABodyBuilder2,2.204953744566054
545,7l0l_H0-L0,ABlooper,3.2366569688090574
546,7l0l_H0-L0,AF2,1.9647589906039513
547,7l0l_H0-L0,IgFold,2.844587600933528
548,7l0l_H0-L0,ABB2_ensemble_rank0,2.204953744566054
549,7l0l_H0-L0,ABB2_ensemble_rank1,2.104436447927734
550,7l0l_H0-L0,ABB2_ensemble_rank2,2.681723204191197
551,7l0l_H0-L0,ABB2_ensemble_rank3,2.383264217397126
552,7l0l_H0-L0,IgFold_ensemble_rank_0,2.844587600933528
553,7l0l_H0-L0,IgFold_ensemble_rank_1,3.1800027327055953
554,7l0l_H0-L0,IgFold_ensemble_rank_2,3.248954213441367
555,7l0l_H0-L0,IgFold_ensemble_rank_3,3.2591038133618784
556,7l0l_H0-L0,AF2_ensemble_rank_0,1.9647589906039513
557,7l0l_H0-L0,AF2_ensemble_rank_1,1.9367132537915637
558,7l0l_H0-L0,AF2_ensemble_rank_2,1.963641527572632
559,7l0l_H0-L0,AF2_ensemble_rank_3,1.9792161500333036
560,7l0l_H0-L0,AF2_ensemble_rank_4,1.9105609654876903
561,7mzj_H0-L0,ABodyBuilder2,1.8957579030138703
562,7mzj_H0-L0,ABlooper,2.3317339274712516
563,7mzj_H0-L0,AF2,2.1327806747742524
564,7mzj_H0-L0,IgFold,1.773284584032952
565,7mzj_H0-L0,ABB2_ensemble_rank0,1.8957579030138703
566,7mzj_H0-L0,ABB2_ensemble_rank1,2.787591916549258
567,7mzj_H0-L0,ABB2_ensemble_rank2,3.060369053141882
568,7mzj_H0-L0,ABB2_ensemble_rank3,1.7894173888120395
569,7mzj_H0-L0,IgFold_ensemble_rank_0,1.773284584032952
570,7mzj_H0-L0,IgFold_ensemble_rank_1,1.6907170049410871
571,7mzj_H0-L0,IgFold_ensemble_rank_2,1.9039689525697319
572,7mzj_H0-L0,IgFold_ensemble_rank_3,1.3266786939461814
573,7mzj_H0-L0,AF2_ensemble_rank_0,2.1327806747742524
574,7mzj_H0-L0,AF2_ensemble_rank_1,2.0523034149427337
575,7mzj_H0-L0,AF2_ensemble_rank_2,2.052422754666161
576,7mzj_H0-L0,AF2_ensemble_rank_3,2.3361270500915152
577,7mzj_H0-L0,AF2_ensemble_rank_4,1.9200371334728217
578,7qu1_A0-B0,ABodyBuilder2,1.849430155534077
579,7qu1_A0-B0,ABlooper,1.928745390599827
580,7qu1_A0-B0,AF2,1.2840058200213649
581,7qu1_A0-B0,IgFold,1.689553157198032
582,7qu1_A0-B0,ABB2_ensemble_rank0,1.849430155534077
583,7qu1_A0-B0,ABB2_ensemble_rank1,1.6430340991470616
584,7qu1_A0-B0,ABB2_ensemble_rank2,1.6310312355146521
585,7qu1_A0-B0,ABB2_ensemble_rank3,1.7325215592828966
586,7qu1_A0-B0,IgFold_ensemble_rank_0,1.689553157198032
587,7qu1_A0-B0,IgFold_ensemble_rank_1,1.585709922617601
588,7qu1_A0-B0,IgFold_ensemble_rank_2,1.90585839494881
589,7qu1_A0-B0,IgFold_ensemble_rank_3,1.5319066099580942
590,7qu1_A0-B0,AF2_ensemble_rank_0,1.2840058200213649
591,7qu1_A0-B0,AF2_ensemble_rank_1,1.345059362064813
592,7qu1_A0-B0,AF2_ensemble_rank_2,1.2987144412267462
593,7qu1_A0-B0,AF2_ensemble_rank_3,1.3883247639153844
594,7qu1_A0-B0,AF2_ensemble_rank_4,1.2164338989083552
595,7e72_A0-B0,ABodyBuilder2,1.0571461986878283
596,7e72_A0-B0,ABlooper,1.7474398634103447
597,7e72_A0-B0,AF2,0.5675364049995463
598,7e72_A0-B0,IgFold,0.8053684211869343
599,7e72_A0-B0,ABB2_ensemble_rank0,1.0571461986878283
600,7e72_A0-B0,ABB2_ensemble_rank1,1.197810449440202
601,7e72_A0-B0,ABB2_ensemble_rank2,1.852521537069586
602,7e72_A0-B0,ABB2_ensemble_rank3,0.8759250608163716
603,7e72_A0-B0,IgFold_ensemble_rank_0,0.8053684211869343
604,7e72_A0-B0,IgFold_ensemble_rank_1,0.8605292367925982
605,7e72_A0-B0,IgFold_ensemble_rank_2,1.2374486115934673
606,7e72_A0-B0,IgFold_ensemble_rank_3,0.8344214004860848
607,7e72_A0-B0,AF2_ensemble_rank_0,0.5675364049995463
608,7e72_A0-B0,AF2_ensemble_rank_1,0.6006602193149543
609,7e72_A0-B0,AF2_ensemble_rank_2,0.5850786720685294
610,7e72_A0-B0,AF2_ensemble_rank_3,0.5986269682654339
611,7e72_A0-B0,AF2_ensemble_rank_4,0.575312685182563
612,7daa_H0-L0,ABodyBuilder2,1.3139440494452692
613,7daa_H0-L0,ABlooper,2.1015621142759286
614,7daa_H0-L0,AF2,0.44880869850766053
615,7daa_H0-L0,IgFold,1.7244062258695387
616,7daa_H0-L0,ABB2_ensemble_rank0,1.3139440494452692
617,7daa_H0-L0,ABB2_ensemble_rank1,1.4381362502127626
618,7daa_H0-L0,ABB2_ensemble_rank2,1.565681179355939
619,7daa_H0-L0,ABB2_ensemble_rank3,1.3201615286744242
620,7daa_H0-L0,IgFold_ensemble_rank_0,1.7244062258695387
621,7daa_H0-L0,IgFold_ensemble_rank_1,1.9921264878448353
622,7daa_H0-L0,IgFold_ensemble_rank_2,1.8169680803231878
623,7daa_H0-L0,IgFold_ensemble_rank_3,1.7177296609597417
624,7daa_H0-L0,AF2_ensemble_rank_0,0.44880869850766053
625,7daa_H0-L0,AF2_ensemble_rank_1,1.285067421298476
626,7daa_H0-L0,AF2_ensemble_rank_2,1.3111174977051814
627,7daa_H0-L0,AF2_ensemble_rank_3,1.111770364899514
628,7daa_H0-L0,AF2_ensemble_rank_4,1.3626089892411286
629,7np1_H0-L0,ABodyBuilder2,3.6203161457753006
630,7np1_H0-L0,ABlooper,3.329702576881046
631,7np1_H0-L0,AF2,2.8370298828014135
632,7np1_H0-L0,IgFold,2.971150653543958
633,7np1_H0-L0,ABB2_ensemble_rank0,3.6203161457753006
634,7np1_H0-L0,ABB2_ensemble_rank1,3.2955975846485575
635,7np1_H0-L0,ABB2_ensemble_rank2,3.162644575229489
636,7np1_H0-L0,ABB2_ensemble_rank3,2.981174914296192
637,7np1_H0-L0,IgFold_ensemble_rank_0,2.971150653543958
638,7np1_H0-L0,IgFold_ensemble_rank_1,2.9305110040525437
639,7np1_H0-L0,IgFold_ensemble_rank_2,3.2785226993400385
640,7np1_H0-L0,IgFold_ensemble_rank_3,3.081876308090437
641,7np1_H0-L0,AF2_ensemble_rank_0,2.8370298828014135
642,7np1_H0-L0,AF2_ensemble_rank_1,2.8194334026385626
643,7np1_H0-L0,AF2_ensemble_rank_2,2.861631129967492
644,7np1_H0-L0,AF2_ensemble_rank_3,2.8521626080868443
645,7np1_H0-L0,AF2_ensemble_rank_4,2.8589153916821104
646,7n4j_H0-L0,ABodyBuilder2,3.293697326354794
647,7n4j_H0-L0,ABlooper,3.180432095711161
648,7n4j_H0-L0,AF2,1.7983576593648143
649,7n4j_H0-L0,IgFold,4.338047733957044
650,7n4j_H0-L0,ABB2_ensemble_rank0,3.293697326354794
651,7n4j_H0-L0,ABB2_ensemble_rank1,3.3308315679911185
652,7n4j_H0-L0,ABB2_ensemble_rank2,4.278664786013765
653,7n4j_H0-L0,ABB2_ensemble_rank3,3.189630635560894
654,7n4j_H0-L0,IgFold_ensemble_rank_0,4.338047733957044
655,7n4j_H0-L0,IgFold_ensemble_rank_1,4.314018959452952
656,7n4j_H0-L0,IgFold_ensemble_rank_2,2.8905985007231307
657,7n4j_H0-L0,IgFold_ensemble_rank_3,3.5112758906310613
658,7n4j_H0-L0,AF2_ensemble_rank_0,1.7983576593648143
659,7n4j_H0-L0,AF2_ensemble_rank_1,2.2793474849779685
660,7n4j_H0-L0,AF2_ensemble_rank_2,3.9366974706087916
661,7n4j_H0-L0,AF2_ensemble_rank_3,2.3532752243662896
662,7n4j_H0-L0,AF2_ensemble_rank_4,2.2550117116822737
663,7dk2_A0-B0,ABodyBuilder2,3.590966335126254
664,7dk2_A0-B0,ABlooper,3.691413050428964
665,7dk2_A0-B0,AF2,3.143114993709101
666,7dk2_A0-B0,IgFold,3.6670623595619873
667,7dk2_A0-B0,ABB2_ensemble_rank0,3.590966335126254
668,7dk2_A0-B0,ABB2_ensemble_rank1,3.4672074949917446
669,7dk2_A0-B0,ABB2_ensemble_rank2,3.7698284671498308
670,7dk2_A0-B0,ABB2_ensemble_rank3,3.5657907516944376
671,7dk2_A0-B0,IgFold_ensemble_rank_0,3.6670623595619873
672,7dk2_A0-B0,IgFold_ensemble_rank_1,3.511665697260637
673,7dk2_A0-B0,IgFold_ensemble_rank_2,3.5716073633962244
674,7dk2_A0-B0,IgFold_ensemble_rank_3,3.5315657204183366
675,7dk2_A0-B0,AF2_ensemble_rank_0,3.143114993709101
676,7dk2_A0-B0,AF2_ensemble_rank_1,3.155704096537532
677,7dk2_A0-B0,AF2_ensemble_rank_2,3.1573064468216527
678,7dk2_A0-B0,AF2_ensemble_rank_3,3.1781263156812765
679,7dk2_A0-B0,AF2_ensemble_rank_4,3.162145361811178
680,7pr0_H0-L0,ABodyBuilder2,2.4026496096496768
681,7pr0_H0-L0,ABlooper,3.6216429760890425
682,7pr0_H0-L0,AF2,3.586741568415916
683,7pr0_H0-L0,IgFold,2.3574833468749046
684,7pr0_H0-L0,ABB2_ensemble_rank0,2.4026496096496768
685,7pr0_H0-L0,ABB2_ensemble_rank1,2.660532745156076
686,7pr0_H0-L0,ABB2_ensemble_rank2,3.1112363818388014
687,7pr0_H0-L0,ABB2_ensemble_rank3,1.8396764182819136
688,7pr0_H0-L0,IgFold_ensemble_rank_0,2.3574833468749046
689,7pr0_H0-L0,IgFold_ensemble_rank_1,2.7125575027989726
690,7pr0_H0-L0,IgFold_ensemble_rank_2,2.2549044465646184
691,7pr0_H0-L0,IgFold_ensemble_rank_3,2.0898212306093176
692,7pr0_H0-L0,AF2_ensemble_rank_0,3.586741568415916
693,7pr0_H0-L0,AF2_ensemble_rank_1,3.594820182692028
694,7pr0_H0-L0,AF2_ensemble_rank_2,3.573444109766782
695,7pr0_H0-L0,AF2_ensemble_rank_3,3.546783136282537
696,7pr0_H0-L0,AF2_ensemble_rank_4,3.57332994209226
697,7s13_H0-L0,ABodyBuilder2,1.2204849935315174
698,7s13_H0-L0,ABlooper,1.685228377655427
699,7s13_H0-L0,AF2,0.6723889300058238
700,7s13_H0-L0,IgFold,1.2663579066731407
701,7s13_H0-L0,ABB2_ensemble_rank0,1.2204849935315174
702,7s13_H0-L0,ABB2_ensemble_rank1,1.3336304015784595
703,7s13_H0-L0,ABB2_ensemble_rank2,1.1402573781286713
704,7s13_H0-L0,ABB2_ensemble_rank3,1.1414647046699442
705,7s13_H0-L0,IgFold_ensemble_rank_0,1.2663579066731407
706,7s13_H0-L0,IgFold_ensemble_rank_1,1.322428904246693
707,7s13_H0-L0,IgFold_ensemble_rank_2,1.1099697041314966
708,7s13_H0-L0,IgFold_ensemble_rank_3,1.3175195048539408
709,7s13_H0-L0,AF2_ensemble_rank_0,0.6723889300058238
710,7s13_H0-L0,AF2_ensemble_rank_1,0.7816702564322457
711,7s13_H0-L0,AF2_ensemble_rank_2,0.772263459797694
712,7s13_H0-L0,AF2_ensemble_rank_3,0.7799517207405839
713,7s13_H0-L0,AF2_ensemble_rank_4,0.7764379696998505
714,7l7r_D0-C0,ABodyBuilder2,2.072278510798768
715,7l7r_D0-C0,ABlooper,2.5102282645924885
716,7l7r_D0-C0,AF2,0.49408675444333305
717,7l7r_D0-C0,IgFold,1.7040998099589464
718,7l7r_D0-C0,ABB2_ensemble_rank0,2.072278510798768
719,7l7r_D0-C0,ABB2_ensemble_rank1,1.5957793237429319
720,7l7r_D0-C0,ABB2_ensemble_rank2,1.1887893334487867
721,7l7r_D0-C0,ABB2_ensemble_rank3,2.681581257376359
722,7l7r_D0-C0,IgFold_ensemble_rank_0,1.7040998099589464
723,7l7r_D0-C0,IgFold_ensemble_rank_1,1.4609411074773395
724,7l7r_D0-C0,IgFold_ensemble_rank_2,1.3036862007620196
725,7l7r_D0-C0,IgFold_ensemble_rank_3,1.6383630289100712
726,7l7r_D0-C0,AF2_ensemble_rank_0,0.49408675444333305
727,7l7r_D0-C0,AF2_ensemble_rank_1,0.6722833706735348
728,7l7r_D0-C0,AF2_ensemble_rank_2,0.44657750327222834
729,7l7r_D0-C0,AF2_ensemble_rank_3,0.5399117461759174
730,7l7r_D0-C0,AF2_ensemble_rank_4,0.9567653397221512
731,7f7e_C0-L0,ABodyBuilder2,3.0470985111976256
732,7f7e_C0-L0,ABlooper,3.3713456858563244
733,7f7e_C0-L0,AF2,2.638444615756391
734,7f7e_C0-L0,IgFold,2.104213434883422
735,7f7e_C0-L0,ABB2_ensemble_rank0,3.0470985111976256
736,7f7e_C0-L0,ABB2_ensemble_rank1,2.8151863184273704
737,7f7e_C0-L0,ABB2_ensemble_rank2,2.5093012622240725
738,7f7e_C0-L0,ABB2_ensemble_rank3,3.407102112843747
739,7f7e_C0-L0,IgFold_ensemble_rank_0,2.104213434883422
740,7f7e_C0-L0,IgFold_ensemble_rank_1,2.2968439570997097
741,7f7e_C0-L0,IgFold_ensemble_rank_2,2.217004172900183
742,7f7e_C0-L0,IgFold_ensemble_rank_3,2.290761981894205
743,7f7e_C0-L0,AF2_ensemble_rank_0,2.638444615756391
744,7f7e_C0-L0,AF2_ensemble_rank_1,3.1226519930129997
745,7f7e_C0-L0,AF2_ensemble_rank_2,3.1047447882085395
746,7f7e_C0-L0,AF2_ensemble_rank_3,1.7621880062205966
747,7f7e_C0-L0,AF2_ensemble_rank_4,1.7055815896809787
748,7rk1_C0-C1,ABodyBuilder2,0.7400953748407484
749,7rk1_C0-C1,ABlooper,1.3168980451849375
750,7rk1_C0-C1,AF2,0.9311051542926303
751,7rk1_C0-C1,IgFold,1.1685388506926087
752,7rk1_C0-C1,ABB2_ensemble_rank0,0.7400953748407484
753,7rk1_C0-C1,ABB2_ensemble_rank1,0.5781465474830029
754,7rk1_C0-C1,ABB2_ensemble_rank2,0.6922690714730085
755,7rk1_C0-C1,ABB2_ensemble_rank3,0.7784645153227847
756,7rk1_C0-C1,IgFold_ensemble_rank_0,1.1685388506926087
757,7rk1_C0-C1,IgFold_ensemble_rank_1,1.0211896068237416
758,7rk1_C0-C1,IgFold_ensemble_rank_2,1.167472717786212
759,7rk1_C0-C1,IgFold_ensemble_rank_3,1.0358161197146143
760,7rk1_C0-C1,AF2_ensemble_rank_0,0.9311051542926303
761,7rk1_C0-C1,AF2_ensemble_rank_1,0.9285312511943987
762,7rk1_C0-C1,AF2_ensemble_rank_2,0.9300796695789764
763,7rk1_C0-C1,AF2_ensemble_rank_3,0.9309381243207655
764,7rk1_C0-C1,AF2_ensemble_rank_4,0.9368531104936156
765,7s11_H0-L0,ABodyBuilder2,2.765573361017067
766,7s11_H0-L0,ABlooper,2.8694989192978557
767,7s11_H0-L0,AF2,1.9348582315877239
768,7s11_H0-L0,IgFold,2.971500255170693
769,7s11_H0-L0,ABB2_ensemble_rank0,2.765573361017067
770,7s11_H0-L0,ABB2_ensemble_rank1,2.448024681359576
771,7s11_H0-L0,ABB2_ensemble_rank2,2.337382993982604
772,7s11_H0-L0,ABB2_ensemble_rank3,2.899682119639754
773,7s11_H0-L0,IgFold_ensemble_rank_0,2.971500255170693
774,7s11_H0-L0,IgFold_ensemble_rank_1,2.4983812909128433
775,7s11_H0-L0,IgFold_ensemble_rank_2,2.7892323332723947
776,7s11_H0-L0,IgFold_ensemble_rank_3,2.4523295090703305
777,7s11_H0-L0,AF2_ensemble_rank_0,1.9348582315877239
778,7s11_H0-L0,AF2_ensemble_rank_1,1.9924974028451954
779,7s11_H0-L0,AF2_ensemble_rank_2,1.9371218896897366
780,7s11_H0-L0,AF2_ensemble_rank_3,2.4325677512163586
781,7s11_H0-L0,AF2_ensemble_rank_4,2.002081366176479
782,7bnv_H0-L0,ABodyBuilder2,3.754266378254832
783,7bnv_H0-L0,ABlooper,4.9235732282297
784,7bnv_H0-L0,AF2,3.7806420586267837
785,7bnv_H0-L0,IgFold,4.52251739895048
786,7bnv_H0-L0,ABB2_ensemble_rank0,3.754266378254832
787,7bnv_H0-L0,ABB2_ensemble_rank1,3.8612640637962565
788,7bnv_H0-L0,ABB2_ensemble_rank2,4.248338907661437
789,7bnv_H0-L0,ABB2_ensemble_rank3,6.3371948800758116
790,7bnv_H0-L0,IgFold_ensemble_rank_0,4.52251739895048
791,7bnv_H0-L0,IgFold_ensemble_rank_1,4.662659400485578
792,7bnv_H0-L0,IgFold_ensemble_rank_2,4.249401218643692
793,7bnv_H0-L0,IgFold_ensemble_rank_3,4.169777217741166
794,7bnv_H0-L0,AF2_ensemble_rank_0,3.7806420586267837
795,7bnv_H0-L0,AF2_ensemble_rank_1,3.4957188581077885
796,7bnv_H0-L0,AF2_ensemble_rank_2,4.112398203137757
797,7bnv_H0-L0,AF2_ensemble_rank_3,3.5459300727662235
798,7bnv_H0-L0,AF2_ensemble_rank_4,4.139539180392799
799,7mzf_H0-L0,ABodyBuilder2,1.0744416795745018
800,7mzf_H0-L0,ABlooper,1.9457444254783653
801,7mzf_H0-L0,AF2,0.8231357750692724
802,7mzf_H0-L0,IgFold,1.1993213749886167
803,7mzf_H0-L0,ABB2_ensemble_rank0,1.0744416795745018
804,7mzf_H0-L0,ABB2_ensemble_rank1,0.970408272870617
805,7mzf_H0-L0,ABB2_ensemble_rank2,0.9915808334465934
806,7mzf_H0-L0,ABB2_ensemble_rank3,1.1441730178573646
807,7mzf_H0-L0,IgFold_ensemble_rank_0,1.1993213749886167
808,7mzf_H0-L0,IgFold_ensemble_rank_1,1.1633463894297098
809,7mzf_H0-L0,IgFold_ensemble_rank_2,1.2771508840776205
810,7mzf_H0-L0,IgFold_ensemble_rank_3,1.2327866086877735
811,7mzf_H0-L0,AF2_ensemble_rank_0,0.8231357750692724
812,7mzf_H0-L0,AF2_ensemble_rank_1,0.8187019679333439
813,7mzf_H0-L0,AF2_ensemble_rank_2,0.8328598573379195
814,7mzf_H0-L0,AF2_ensemble_rank_3,0.8127935162339415
815,7mzf_H0-L0,AF2_ensemble_rank_4,0.9127855848738925
816,7kn4_H0-L0,ABodyBuilder2,1.50462100792178
817,7kn4_H0-L0,ABlooper,1.978547967945787
818,7kn4_H0-L0,AF2,1.8819771587473513
819,7kn4_H0-L0,IgFold,1.3331447477885563
820,7kn4_H0-L0,ABB2_ensemble_rank0,1.50462100792178
821,7kn4_H0-L0,ABB2_ensemble_rank1,1.101586989543132
822,7kn4_H0-L0,ABB2_ensemble_rank2,1.2023401301219798
823,7kn4_H0-L0,ABB2_ensemble_rank3,1.7980836004716167
824,7kn4_H0-L0,IgFold_ensemble_rank_0,1.3331447477885563
825,7kn4_H0-L0,IgFold_ensemble_rank_1,1.3973335128045756
826,7kn4_H0-L0,IgFold_ensemble_rank_2,1.5593029426025855
827,7kn4_H0-L0,IgFold_ensemble_rank_3,1.49651800370276
828,7kn4_H0-L0,AF2_ensemble_rank_0,1.8819771587473513
829,7kn4_H0-L0,AF2_ensemble_rank_1,1.9021105362895696
830,7kn4_H0-L0,AF2_ensemble_rank_2,1.912090808750995
831,7kn4_H0-L0,AF2_ensemble_rank_3,1.895442870735954
832,7kn4_H0-L0,AF2_ensemble_rank_4,1.884205131402462
833,7r89_C0-D0,ABodyBuilder2,1.569639962398835
834,7r89_C0-D0,ABlooper,2.0571749388711575
835,7r89_C0-D0,AF2,1.7351218180719448
836,7r89_C0-D0,IgFold,1.9106131017485974
837,7r89_C0-D0,ABB2_ensemble_rank0,1.569639962398835
838,7r89_C0-D0,ABB2_ensemble_rank1,1.8138434524921572
839,7r89_C0-D0,ABB2_ensemble_rank2,1.4783801133592454
840,7r89_C0-D0,ABB2_ensemble_rank3,2.1229440528153094
841,7r89_C0-D0,IgFold_ensemble_rank_0,1.9106131017485974
842,7r89_C0-D0,IgFold_ensemble_rank_1,1.7073012447095655
843,7r89_C0-D0,IgFold_ensemble_rank_2,1.788697331939129
844,7r89_C0-D0,IgFold_ensemble_rank_3,1.9784639472374395
845,7r89_C0-D0,AF2_ensemble_rank_0,1.7351218180719448
846,7r89_C0-D0,AF2_ensemble_rank_1,1.7603281324171995
847,7r89_C0-D0,AF2_ensemble_rank_2,1.7569584285259892
848,7r89_C0-D0,AF2_ensemble_rank_3,1.7305726451487764
849,7r89_C0-D0,AF2_ensemble_rank_4,1.7679410543551919
850,7kf1_H0-L0,ABodyBuilder2,1.6200214562349164
851,7kf1_H0-L0,ABlooper,2.4605605386719103
852,7kf1_H0-L0,AF2,4.493777552982822
853,7kf1_H0-L0,IgFold,2.0064229349964053
854,7kf1_H0-L0,ABB2_ensemble_rank0,1.6200214562349164
855,7kf1_H0-L0,ABB2_ensemble_rank1,2.610596594834166
856,7kf1_H0-L0,ABB2_ensemble_rank2,2.1071347997725334
857,7kf1_H0-L0,ABB2_ensemble_rank3,2.787321400302153
858,7kf1_H0-L0,IgFold_ensemble_rank_0,2.0064229349964053
859,7kf1_H0-L0,IgFold_ensemble_rank_1,2.017311448671245
860,7kf1_H0-L0,IgFold_ensemble_rank_2,1.8647804085068447
861,7kf1_H0-L0,IgFold_ensemble_rank_3,2.239463637354468
862,7kf1_H0-L0,AF2_ensemble_rank_0,4.493777552982822
863,7kf1_H0-L0,AF2_ensemble_rank_1,4.477790609319795
864,7kf1_H0-L0,AF2_ensemble_rank_2,4.49945352320858
865,7kf1_H0-L0,AF2_ensemble_rank_3,4.462492788043637
866,7kf1_H0-L0,AF2_ensemble_rank_4,4.46502874433723
867,7e3o_H0-L0,ABodyBuilder2,1.9452021433462907
868,7e3o_H0-L0,ABlooper,2.286835265028562
869,7e3o_H0-L0,AF2,3.3284547454384357
870,7e3o_H0-L0,IgFold,2.8412991536860925
871,7e3o_H0-L0,ABB2_ensemble_rank0,1.9452021433462907
872,7e3o_H0-L0,ABB2_ensemble_rank1,2.085890484874148
873,7e3o_H0-L0,ABB2_ensemble_rank2,2.2694708233403587
874,7e3o_H0-L0,ABB2_ensemble_rank3,2.8127443334623936
875,7e3o_H0-L0,IgFold_ensemble_rank_0,2.8412991536860925
876,7e3o_H0-L0,IgFold_ensemble_rank_1,2.7124118163604094
877,7e3o_H0-L0,IgFold_ensemble_rank_2,2.8500664061902157
878,7e3o_H0-L0,IgFold_ensemble_rank_3,2.774886514445254
879,7e3o_H0-L0,AF2_ensemble_rank_0,3.3284547454384357
880,7e3o_H0-L0,AF2_ensemble_rank_1,2.5701365494725312
881,7e3o_H0-L0,AF2_ensemble_rank_2,2.327555705877916
882,7e3o_H0-L0,AF2_ensemble_rank_3,2.679983086034437
883,7e3o_H0-L0,AF2_ensemble_rank_4,3.142861187919887
884,7lf7_A0-B0,ABodyBuilder2,0.5445298246940807
885,7lf7_A0-B0,ABlooper,2.9742223985833784
886,7lf7_A0-B0,AF2,2.082575423062339
887,7lf7_A0-B0,IgFold,2.1259085089184864
888,7lf7_A0-B0,ABB2_ensemble_rank0,0.5445298246940807
889,7lf7_A0-B0,ABB2_ensemble_rank1,0.33567051382406227
890,7lf7_A0-B0,ABB2_ensemble_rank2,0.30200751847921314
891,7lf7_A0-B0,ABB2_ensemble_rank3,0.8348701209828676
892,7lf7_A0-B0,IgFold_ensemble_rank_0,2.1259085089184864
893,7lf7_A0-B0,IgFold_ensemble_rank_1,1.8654093630622919
894,7lf7_A0-B0,IgFold_ensemble_rank_2,2.285520112080595
895,7lf7_A0-B0,IgFold_ensemble_rank_3,1.9947204186529914
896,7lf7_A0-B0,AF2_ensemble_rank_0,2.082575423062339
897,7lf7_A0-B0,AF2_ensemble_rank_1,2.050121923293608
898,7lf7_A0-B0,AF2_ensemble_rank_2,2.0600539882171187
899,7lf7_A0-B0,AF2_ensemble_rank_3,2.079942302594062
900,7lf7_A0-B0,AF2_ensemble_rank_4,1.501753441372903
901,7mdj_A0-B0,ABodyBuilder2,1.290102857303085
902,7mdj_A0-B0,ABlooper,1.5789468757290817
903,7mdj_A0-B0,AF2,1.0689840495504876
904,7mdj_A0-B0,IgFold,1.2993410075070406
905,7mdj_A0-B0,ABB2_ensemble_rank0,1.290102857303085
906,7mdj_A0-B0,ABB2_ensemble_rank1,1.3096105381703291
907,7mdj_A0-B0,ABB2_ensemble_rank2,1.2562337477120074
908,7mdj_A0-B0,ABB2_ensemble_rank3,1.177109870338228
909,7mdj_A0-B0,IgFold_ensemble_rank_0,1.2993410075070406
910,7mdj_A0-B0,IgFold_ensemble_rank_1,1.3022354356845642
911,7mdj_A0-B0,IgFold_ensemble_rank_2,1.286217570826614
912,7mdj_A0-B0,IgFold_ensemble_rank_3,1.2433802113144607
913,7mdj_A0-B0,AF2_ensemble_rank_0,1.0689840495504876
914,7mdj_A0-B0,AF2_ensemble_rank_1,1.2719323247664585
915,7mdj_A0-B0,AF2_ensemble_rank_2,1.3873509317556638
916,7mdj_A0-B0,AF2_ensemble_rank_3,1.345999624739327
917,7mdj_A0-B0,AF2_ensemble_rank_4,1.3349039897000106
918,7shu_E0-F0,ABodyBuilder2,1.6447397302182944
919,7shu_E0-F0,ABlooper,2.1356835204486706
920,7shu_E0-F0,AF2,1.5094707268643195
921,7shu_E0-F0,IgFold,2.0022030155306147
922,7shu_E0-F0,ABB2_ensemble_rank0,1.6447397302182944
923,7shu_E0-F0,ABB2_ensemble_rank1,1.6629545310022442
924,7shu_E0-F0,ABB2_ensemble_rank2,1.6465084294305607
925,7shu_E0-F0,ABB2_ensemble_rank3,1.5794436189663281
926,7shu_E0-F0,IgFold_ensemble_rank_0,2.0022030155306147
927,7shu_E0-F0,IgFold_ensemble_rank_1,2.0179678559684087
928,7shu_E0-F0,IgFold_ensemble_rank_2,1.8745117449361142
929,7shu_E0-F0,IgFold_ensemble_rank_3,1.7392154137467208
930,7shu_E0-F0,AF2_ensemble_rank_0,1.5094707268643195
931,7shu_E0-F0,AF2_ensemble_rank_1,1.647612808629895
932,7shu_E0-F0,AF2_ensemble_rank_2,1.6596066314198736
933,7shu_E0-F0,AF2_ensemble_rank_3,1.255849145664931
934,7shu_E0-F0,AF2_ensemble_rank_4,1.4567171656752702
935,7kez_H0-L0,ABodyBuilder2,2.6329691253496708
936,7kez_H0-L0,ABlooper,2.279863213933591
937,7kez_H0-L0,AF2,2.895313608831577
938,7kez_H0-L0,IgFold,2.3419980431213805
939,7kez_H0-L0,ABB2_ensemble_rank0,2.6329691253496708
940,7kez_H0-L0,ABB2_ensemble_rank1,2.985453059152067
941,7kez_H0-L0,ABB2_ensemble_rank2,2.7801659939035424
942,7kez_H0-L0,ABB2_ensemble_rank3,2.9569559281249247
943,7kez_H0-L0,IgFold_ensemble_rank_0,2.3419980431213805
944,7kez_H0-L0,IgFold_ensemble_rank_1,2.25302849797292
945,7kez_H0-L0,IgFold_ensemble_rank_2,2.176067987758137
946,7kez_H0-L0,IgFold_ensemble_rank_3,2.3138168203607585
947,7kez_H0-L0,AF2_ensemble_rank_0,2.895313608831577
948,7kez_H0-L0,AF2_ensemble_rank_1,2.849955971543536
949,7kez_H0-L0,AF2_ensemble_rank_2,2.803553568637749
950,7kez_H0-L0,AF2_ensemble_rank_3,2.843196704554696
951,7kez_H0-L0,AF2_ensemble_rank_4,2.984111797885883
952,7lfa_B0-D0,ABodyBuilder2,0.5654030596021483
953,7lfa_B0-D0,ABlooper,1.3838308390667653
954,7lfa_B0-D0,AF2,1.1795087310160468
955,7lfa_B0-D0,IgFold,1.1299811196146465
956,7lfa_B0-D0,ABB2_ensemble_rank0,0.5654030596021483
957,7lfa_B0-D0,ABB2_ensemble_rank1,0.5118388371668908
958,7lfa_B0-D0,ABB2_ensemble_rank2,0.639597566190931
959,7lfa_B0-D0,ABB2_ensemble_rank3,0.9256961745862603
960,7lfa_B0-D0,IgFold_ensemble_rank_0,1.1299811196146465
961,7lfa_B0-D0,IgFold_ensemble_rank_1,1.179546231052093
962,7lfa_B0-D0,IgFold_ensemble_rank_2,1.05774541179131
963,7lfa_B0-D0,IgFold_ensemble_rank_3,1.1106258225685188
964,7lfa_B0-D0,AF2_ensemble_rank_0,1.1795087310160468
965,7lfa_B0-D0,AF2_ensemble_rank_1,1.1563731831213613
966,7lfa_B0-D0,AF2_ensemble_rank_2,1.1645138658809757
967,7lfa_B0-D0,AF2_ensemble_rank_3,1.170849276732933
968,7lfa_B0-D0,AF2_ensemble_rank_4,1.1781623482671628
969,7ps6_H0-L0,ABodyBuilder2,1.5290403274053617
970,7ps6_H0-L0,ABlooper,2.024331751530879
971,7ps6_H0-L0,AF2,2.0820896950813426
972,7ps6_H0-L0,IgFold,1.9033660891865936
973,7ps6_H0-L0,ABB2_ensemble_rank0,1.5290403274053617
974,7ps6_H0-L0,ABB2_ensemble_rank1,1.6606932406142711
975,7ps6_H0-L0,ABB2_ensemble_rank2,1.652504386338161
976,7ps6_H0-L0,ABB2_ensemble_rank3,1.8163462785051947
977,7ps6_H0-L0,IgFold_ensemble_rank_0,1.9033660891865936
978,7ps6_H0-L0,IgFold_ensemble_rank_1,2.1487540456908705
979,7ps6_H0-L0,IgFold_ensemble_rank_2,1.5481882910380258
980,7ps6_H0-L0,IgFold_ensemble_rank_3,1.8481065964315524
981,7ps6_H0-L0,AF2_ensemble_rank_0,2.0820896950813426
982,7ps6_H0-L0,AF2_ensemble_rank_1,1.6797136447655878
983,7ps6_H0-L0,AF2_ensemble_rank_2,1.281852539136857
984,7ps6_H0-L0,AF2_ensemble_rank_3,1.0197788033796022
985,7ps6_H0-L0,AF2_ensemble_rank_4,1.2047351120224605
986,7mrz_X0-Y0,ABodyBuilder2,2.0306387958897463
987,7mrz_X0-Y0,ABlooper,2.3182934581509453
988,7mrz_X0-Y0,AF2,1.919252062791593
989,7mrz_X0-Y0,IgFold,2.0577703264530434
990,7mrz_X0-Y0,ABB2_ensemble_rank0,2.0306387958897463
991,7mrz_X0-Y0,ABB2_ensemble_rank1,1.9635293484275276
992,7mrz_X0-Y0,ABB2_ensemble_rank2,1.8195879287376344
993,7mrz_X0-Y0,ABB2_ensemble_rank3,2.0264021551952807
994,7mrz_X0-Y0,IgFold_ensemble_rank_0,2.0577703264530434
995,7mrz_X0-Y0,IgFold_ensemble_rank_1,2.0536894186491503
996,7mrz_X0-Y0,IgFold_ensemble_rank_2,2.0640902035837176
997,7mrz_X0-Y0,IgFold_ensemble_rank_3,2.011412939438208
998,7mrz_X0-Y0,AF2_ensemble_rank_0,1.919252062791593
999,7mrz_X0-Y0,AF2_ensemble_rank_1,1.9397898868944161
1000,7mrz_X0-Y0,AF2_ensemble_rank_2,1.9293903174501297
1001,7mrz_X0-Y0,AF2_ensemble_rank_3,1.9457895844447297
1002,7mrz_X0-Y0,AF2_ensemble_rank_4,1.9219961931427123
1003,7lfb_H0-L0,ABodyBuilder2,1.0181406925460328
1004,7lfb_H0-L0,ABlooper,1.8922554589816616
1005,7lfb_H0-L0,AF2,1.0277867279579476
1006,7lfb_H0-L0,IgFold,1.1742580912300906
1007,7lfb_H0-L0,ABB2_ensemble_rank0,1.0181406925460328
1008,7lfb_H0-L0,ABB2_ensemble_rank1,1.2039312183085746
1009,7lfb_H0-L0,ABB2_ensemble_rank2,1.0146331075147264
1010,7lfb_H0-L0,ABB2_ensemble_rank3,1.7067189896033432
1011,7lfb_H0-L0,IgFold_ensemble_rank_0,1.1742580912300906
1012,7lfb_H0-L0,IgFold_ensemble_rank_1,1.1603525898544729
1013,7lfb_H0-L0,IgFold_ensemble_rank_2,1.026350843188726
1014,7lfb_H0-L0,IgFold_ensemble_rank_3,0.7941729582637078
1015,7lfb_H0-L0,AF2_ensemble_rank_0,1.0277867279579476
1016,7lfb_H0-L0,AF2_ensemble_rank_1,1.0442733640315085
1017,7lfb_H0-L0,AF2_ensemble_rank_2,1.0662521709317179
1018,7lfb_H0-L0,AF2_ensemble_rank_3,1.0459552790051354
1019,7lfb_H0-L0,AF2_ensemble_rank_4,1.07595118646617
1020,7sem_B0-C0,ABodyBuilder2,0.8501312757545642
1021,7sem_B0-C0,ABlooper,3.6807124174427974
1022,7sem_B0-C0,AF2,1.6739696322686652
1023,7sem_B0-C0,IgFold,3.3250461240547433
1024,7sem_B0-C0,ABB2_ensemble_rank0,0.8501312757545642
1025,7sem_B0-C0,ABB2_ensemble_rank1,1.286838748094576
1026,7sem_B0-C0,ABB2_ensemble_rank2,0.7557992705927533
1027,7sem_B0-C0,ABB2_ensemble_rank3,1.2550076948236488
1028,7sem_B0-C0,IgFold_ensemble_rank_0,3.3250461240547433
1029,7sem_B0-C0,IgFold_ensemble_rank_1,3.0032575061369493
1030,7sem_B0-C0,IgFold_ensemble_rank_2,3.611731339441717
1031,7sem_B0-C0,IgFold_ensemble_rank_3,3.4832619684078954
1032,7sem_B0-C0,AF2_ensemble_rank_0,1.6739696322686652
1033,7sem_B0-C0,AF2_ensemble_rank_1,2.068033482684492
1034,7sem_B0-C0,AF2_ensemble_rank_2,2.09047300188194
1035,7sem_B0-C0,AF2_ensemble_rank_3,1.7142193815476858
1036,7sem_B0-C0,AF2_ensemble_rank_4,2.0890646744999475
1037,7rk2_C0-C1,ABodyBuilder2,1.3728879909444762
1038,7rk2_C0-C1,ABlooper,1.880563768448351
1039,7rk2_C0-C1,AF2,0.7878696853385501
1040,7rk2_C0-C1,IgFold,0.9121382640997456
1041,7rk2_C0-C1,ABB2_ensemble_rank0,1.3728879909444762
1042,7rk2_C0-C1,ABB2_ensemble_rank1,0.9177945828430032
1043,7rk2_C0-C1,ABB2_ensemble_rank2,0.9266717603155884
1044,7rk2_C0-C1,ABB2_ensemble_rank3,1.073533963350583
1045,7rk2_C0-C1,IgFold_ensemble_rank_0,0.9121382640997456
1046,7rk2_C0-C1,IgFold_ensemble_rank_1,0.8240081750787074
1047,7rk2_C0-C1,IgFold_ensemble_rank_2,0.941654729284339
1048,7rk2_C0-C1,IgFold_ensemble_rank_3,1.0984665767198047
1049,7rk2_C0-C1,AF2_ensemble_rank_0,0.7878696853385501
1050,7rk2_C0-C1,AF2_ensemble_rank_1,1.265862909910809
1051,7rk2_C0-C1,AF2_ensemble_rank_2,0.7588794196159974
1052,7rk2_C0-C1,AF2_ensemble_rank_3,1.2653141346377053
1053,7rk2_C0-C1,AF2_ensemble_rank_4,1.3028107611967537
1054,7qnw_A0-B0,ABodyBuilder2,2.03956936788275
1055,7qnw_A0-B0,ABlooper,2.59450747448309
1056,7qnw_A0-B0,AF2,2.195250215020151
1057,7qnw_A0-B0,IgFold,2.374770203565994
1058,7qnw_A0-B0,ABB2_ensemble_rank0,2.03956936788275
1059,7qnw_A0-B0,ABB2_ensemble_rank1,2.8770396834001106
1060,7qnw_A0-B0,ABB2_ensemble_rank2,2.509908649807391
1061,7qnw_A0-B0,ABB2_ensemble_rank3,2.81175550567693
1062,7qnw_A0-B0,IgFold_ensemble_rank_0,2.374770203565994
1063,7qnw_A0-B0,IgFold_ensemble_rank_1,2.396400095756445
1064,7qnw_A0-B0,IgFold_ensemble_rank_2,2.481223680851483
1065,7qnw_A0-B0,IgFold_ensemble_rank_3,2.3065853128414973
1066,7qnw_A0-B0,AF2_ensemble_rank_0,2.195250215020151
1067,7qnw_A0-B0,AF2_ensemble_rank_1,2.152732329418669
1068,7qnw_A0-B0,AF2_ensemble_rank_2,2.1517023699029414
1069,7qnw_A0-B0,AF2_ensemble_rank_3,1.487840862648824
1070,7qnw_A0-B0,AF2_ensemble_rank_4,1.7087954694702154
1071,7mzk_N0-M0,ABodyBuilder2,2.412339364025656
1072,7mzk_N0-M0,ABlooper,2.406770885120538
1073,7mzk_N0-M0,AF2,1.4556481083484827
1074,7mzk_N0-M0,IgFold,2.3085731079418013
1075,7mzk_N0-M0,ABB2_ensemble_rank0,2.412339364025656
1076,7mzk_N0-M0,ABB2_ensemble_rank1,2.0504834058732433
1077,7mzk_N0-M0,ABB2_ensemble_rank2,2.084132874765381
1078,7mzk_N0-M0,ABB2_ensemble_rank3,2.577418623591478
1079,7mzk_N0-M0,IgFold_ensemble_rank_0,2.3085731079418013
1080,7mzk_N0-M0,IgFold_ensemble_rank_1,2.210012181623899
1081,7mzk_N0-M0,IgFold_ensemble_rank_2,2.1487223765765195
1082,7mzk_N0-M0,IgFold_ensemble_rank_3,2.328528106917095
1083,7mzk_N0-M0,AF2_ensemble_rank_0,1.4556481083484827
1084,7mzk_N0-M0,AF2_ensemble_rank_1,1.4792819739337406
1085,7mzk_N0-M0,AF2_ensemble_rank_2,1.452199713103767
1086,7mzk_N0-M0,AF2_ensemble_rank_3,1.8167036571878064
1087,7mzk_N0-M0,AF2_ensemble_rank_4,1.8416156861713076
1088,7kn3_H0-L0,ABodyBuilder2,1.0805225460978278
1089,7kn3_H0-L0,ABlooper,2.753706248278244
1090,7kn3_H0-L0,AF2,0.9805903069879344
1091,7kn3_H0-L0,IgFold,0.9983605583524807
1092,7kn3_H0-L0,ABB2_ensemble_rank0,1.0805225460978278
1093,7kn3_H0-L0,ABB2_ensemble_rank1,1.0492368286120484
1094,7kn3_H0-L0,ABB2_ensemble_rank2,1.1734408321409497
1095,7kn3_H0-L0,ABB2_ensemble_rank3,0.9783494588204251
1096,7kn3_H0-L0,IgFold_ensemble_rank_0,0.9983605583524807
1097,7kn3_H0-L0,IgFold_ensemble_rank_1,1.083899718681895
1098,7kn3_H0-L0,IgFold_ensemble_rank_2,1.0798518231078673
1099,7kn3_H0-L0,IgFold_ensemble_rank_3,1.1316824576428335
1100,7kn3_H0-L0,AF2_ensemble_rank_0,0.9805903069879344
1101,7kn3_H0-L0,AF2_ensemble_rank_1,0.9823770452930242
1102,7kn3_H0-L0,AF2_ensemble_rank_2,0.9860305089350843
1103,7kn3_H0-L0,AF2_ensemble_rank_3,0.9738150414032848
1104,7kn3_H0-L0,AF2_ensemble_rank_4,0.9708367987531336
1105,7rah_D0-C0,ABodyBuilder2,1.7053604701541492
1106,7rah_D0-C0,ABlooper,2.296375490000738
1107,7rah_D0-C0,AF2,1.1447651142024606
1108,7rah_D0-C0,IgFold,1.6947701896996896
1109,7rah_D0-C0,ABB2_ensemble_rank0,1.7053604701541492
1110,7rah_D0-C0,ABB2_ensemble_rank1,1.5479188261170136
1111,7rah_D0-C0,ABB2_ensemble_rank2,1.852766352090292
1112,7rah_D0-C0,ABB2_ensemble_rank3,1.3010560027069973
1113,7rah_D0-C0,IgFold_ensemble_rank_0,1.6947701896996896
1114,7rah_D0-C0,IgFold_ensemble_rank_1,1.6676096598122885
1115,7rah_D0-C0,IgFold_ensemble_rank_2,1.4279457262118276
1116,7rah_D0-C0,IgFold_ensemble_rank_3,1.452733369175783
1117,7rah_D0-C0,AF2_ensemble_rank_0,1.1447651142024606
1118,7rah_D0-C0,AF2_ensemble_rank_1,1.11829307366688
1119,7rah_D0-C0,AF2_ensemble_rank_2,1.0805452004052059
1120,7rah_D0-C0,AF2_ensemble_rank_3,1.1562493634698463
1121,7rah_D0-C0,AF2_ensemble_rank_4,1.0816782691602311
1122,7soe_B0-L0,ABodyBuilder2,2.480909685807917
1123,7soe_B0-L0,ABlooper,2.4407949592783758
1124,7soe_B0-L0,AF2,1.6036803841985752
1125,7soe_B0-L0,IgFold,2.12135664573454
1126,7soe_B0-L0,ABB2_ensemble_rank0,2.480909685807917
1127,7soe_B0-L0,ABB2_ensemble_rank1,1.9983275742430602
1128,7soe_B0-L0,ABB2_ensemble_rank2,1.9356016169921582
1129,7soe_B0-L0,ABB2_ensemble_rank3,2.9745125373879198
1130,7soe_B0-L0,IgFold_ensemble_rank_0,2.12135664573454
1131,7soe_B0-L0,IgFold_ensemble_rank_1,2.332272072545476
1132,7soe_B0-L0,IgFold_ensemble_rank_2,2.3185267571451975
1133,7soe_B0-L0,IgFold_ensemble_rank_3,2.1294443179635123
1134,7soe_B0-L0,AF2_ensemble_rank_0,1.6036803841985752
1135,7soe_B0-L0,AF2_ensemble_rank_1,1.9397167527324426
1136,7soe_B0-L0,AF2_ensemble_rank_2,1.9505083790794469
1137,7soe_B0-L0,AF2_ensemble_rank_3,1.5108931305139044
1138,7soe_B0-L0,AF2_ensemble_rank_4,1.7153448764411647
1139,7ps4_H0-L0,ABodyBuilder2,3.9294582835660212
1140,7ps4_H0-L0,ABlooper,4.026243720938323
1141,7ps4_H0-L0,AF2,1.7883415840035457
1142,7ps4_H0-L0,IgFold,2.4649600507575116
1143,7ps4_H0-L0,ABB2_ensemble_rank0,3.9294582835660212
1144,7ps4_H0-L0,ABB2_ensemble_rank1,2.3495338306091433
1145,7ps4_H0-L0,ABB2_ensemble_rank2,3.6634830261030427
1146,7ps4_H0-L0,ABB2_ensemble_rank3,3.702219405685194
1147,7ps4_H0-L0,IgFold_ensemble_rank_0,2.4649600507575116
1148,7ps4_H0-L0,IgFold_ensemble_rank_1,2.0844618147865632
1149,7ps4_H0-L0,IgFold_ensemble_rank_2,2.32777992780531
1150,7ps4_H0-L0,IgFold_ensemble_rank_3,1.9412115382627748
1151,7ps4_H0-L0,AF2_ensemble_rank_0,1.7883415840035457
1152,7ps4_H0-L0,AF2_ensemble_rank_1,1.78450170491341
1153,7ps4_H0-L0,AF2_ensemble_rank_2,1.5205540907691508
1154,7ps4_H0-L0,AF2_ensemble_rank_3,1.5861006242803433
1155,7ps4_H0-L0,AF2_ensemble_rank_4,1.5469165409266272
1156,7shz_K0-L0,ABodyBuilder2,1.523453537480451
1157,7shz_K0-L0,ABlooper,1.9966662642295596
1158,7shz_K0-L0,AF2,1.141429003128815
1159,7shz_K0-L0,IgFold,1.6069758959233664
1160,7shz_K0-L0,ABB2_ensemble_rank0,1.523453537480451
1161,7shz_K0-L0,ABB2_ensemble_rank1,1.5641306479068917
1162,7shz_K0-L0,ABB2_ensemble_rank2,1.475750812269617
1163,7shz_K0-L0,ABB2_ensemble_rank3,1.4724361770322705
1164,7shz_K0-L0,IgFold_ensemble_rank_0,1.6069758959233664
1165,7shz_K0-L0,IgFold_ensemble_rank_1,1.5556068449798859
1166,7shz_K0-L0,IgFold_ensemble_rank_2,1.7261295445654752
1167,7shz_K0-L0,IgFold_ensemble_rank_3,1.7402534510321441
1168,7shz_K0-L0,AF2_ensemble_rank_0,1.141429003128815
1169,7shz_K0-L0,AF2_ensemble_rank_1,1.5536207495065497
1170,7shz_K0-L0,AF2_ensemble_rank_2,1.488403254284222
1171,7shz_K0-L0,AF2_ensemble_rank_3,1.567209083108955
1172,7shz_K0-L0,AF2_ensemble_rank_4,1.3410159799017813
1173,7ps0_H0-L0,ABodyBuilder2,2.5181953141239233
1174,7ps0_H0-L0,ABlooper,3.382372554669068
1175,7ps0_H0-L0,AF2,2.2540401167023894
1176,7ps0_H0-L0,IgFold,2.358050650469201
1177,7ps0_H0-L0,ABB2_ensemble_rank0,2.5181953141239233
1178,7ps0_H0-L0,ABB2_ensemble_rank1,2.4798389452933516
1179,7ps0_H0-L0,ABB2_ensemble_rank2,2.1107732463426423
1180,7ps0_H0-L0,ABB2_ensemble_rank3,2.5379503106330947
1181,7ps0_H0-L0,IgFold_ensemble_rank_0,2.358050650469201
1182,7ps0_H0-L0,IgFold_ensemble_rank_1,2.3977045906115686
1183,7ps0_H0-L0,IgFold_ensemble_rank_2,2.544608388872867
1184,7ps0_H0-L0,IgFold_ensemble_rank_3,2.4589783851335794
1185,7ps0_H0-L0,AF2_ensemble_rank_0,2.2540401167023894
1186,7ps0_H0-L0,AF2_ensemble_rank_1,2.2329281358708455
1187,7ps0_H0-L0,AF2_ensemble_rank_2,2.2611465330523055
1188,7ps0_H0-L0,AF2_ensemble_rank_3,2.2165744007000927
1189,7ps0_H0-L0,AF2_ensemble_rank_4,2.2760051430478545
1190,7bbj_H0-L0,ABodyBuilder2,0.9982404726387271
1191,7bbj_H0-L0,ABlooper,1.3461010676069585
1192,7bbj_H0-L0,AF2,0.955816030499828
1193,7bbj_H0-L0,IgFold,1.0247426337940355
1194,7bbj_H0-L0,ABB2_ensemble_rank0,0.9982404726387271
1195,7bbj_H0-L0,ABB2_ensemble_rank1,1.0638522594298943
1196,7bbj_H0-L0,ABB2_ensemble_rank2,1.1179682600570653
1197,7bbj_H0-L0,ABB2_ensemble_rank3,0.789142428885081
1198,7bbj_H0-L0,IgFold_ensemble_rank_0,1.0247426337940355
1199,7bbj_H0-L0,IgFold_ensemble_rank_1,0.9437839487671553
1200,7bbj_H0-L0,IgFold_ensemble_rank_2,1.0465456019199961
1201,7bbj_H0-L0,IgFold_ensemble_rank_3,0.9549831296671131
1202,7bbj_H0-L0,AF2_ensemble_rank_0,0.955816030499828
1203,7bbj_H0-L0,AF2_ensemble_rank_1,0.9609059624942663
1204,7bbj_H0-L0,AF2_ensemble_rank_2,0.9675530292415389
1205,7bbj_H0-L0,AF2_ensemble_rank_3,0.9625420279564908
1206,7bbj_H0-L0,AF2_ensemble_rank_4,0.9561528504766651
1207,7vux_H0-L0,ABodyBuilder2,0.5161724074753431
1208,7vux_H0-L0,ABlooper,1.614010376259743
1209,7vux_H0-L0,AF2,0.4803091701389478
1210,7vux_H0-L0,IgFold,0.9082699670961011
1211,7vux_H0-L0,ABB2_ensemble_rank0,0.5161724074753431
1212,7vux_H0-L0,ABB2_ensemble_rank1,0.5595529378635004
1213,7vux_H0-L0,ABB2_ensemble_rank2,0.6426928605756009
1214,7vux_H0-L0,ABB2_ensemble_rank3,0.7647197789891683
1215,7vux_H0-L0,IgFold_ensemble_rank_0,0.9082699670961011
1216,7vux_H0-L0,IgFold_ensemble_rank_1,0.8903317628687379
1217,7vux_H0-L0,IgFold_ensemble_rank_2,1.0311787384791546
1218,7vux_H0-L0,IgFold_ensemble_rank_3,0.9893695176451668
1219,7vux_H0-L0,AF2_ensemble_rank_0,0.4803091701389478
1220,7vux_H0-L0,AF2_ensemble_rank_1,0.439564712234469
1221,7vux_H0-L0,AF2_ensemble_rank_2,0.45138799064090396
1222,7vux_H0-L0,AF2_ensemble_rank_3,0.4463184636685621
1223,7vux_H0-L0,AF2_ensemble_rank_4,0.4711207871123179
1224,7vmu_A0-A1,ABodyBuilder2,0.967901797319169
1225,7vmu_A0-A1,ABlooper,2.09608371289118
1226,7vmu_A0-A1,AF2,1.873238431297126
1227,7vmu_A0-A1,IgFold,1.4379092432470773
1228,7vmu_A0-A1,ABB2_ensemble_rank0,0.967901797319169
1229,7vmu_A0-A1,ABB2_ensemble_rank1,1.0183380692277229
1230,7vmu_A0-A1,ABB2_ensemble_rank2,0.9226299550444865
1231,7vmu_A0-A1,ABB2_ensemble_rank3,0.747841091441195
1232,7vmu_A0-A1,IgFold_ensemble_rank_0,1.4379092432470773
1233,7vmu_A0-A1,IgFold_ensemble_rank_1,1.3063296645115323
1234,7vmu_A0-A1,IgFold_ensemble_rank_2,1.2587053313154812
1235,7vmu_A0-A1,IgFold_ensemble_rank_3,1.2872594669022532
1236,7vmu_A0-A1,AF2_ensemble_rank_0,1.873238431297126
1237,7vmu_A0-A1,AF2_ensemble_rank_1,1.8647745538185347
1238,7vmu_A0-A1,AF2_ensemble_rank_2,1.8727538570511997
1239,7vmu_A0-A1,AF2_ensemble_rank_3,1.8793693413357622
1240,7vmu_A0-A1,AF2_ensemble_rank_4,1.8168275829410265
1241,7coe_H0-L0,ABodyBuilder2,2.406572077610369
1242,7coe_H0-L0,ABlooper,2.879068266037707
1243,7coe_H0-L0,AF2,2.7789982971098337
1244,7coe_H0-L0,IgFold,2.8535236293254864
1245,7coe_H0-L0,ABB2_ensemble_rank0,2.406572077610369
1246,7coe_H0-L0,ABB2_ensemble_rank1,2.784473462830982
1247,7coe_H0-L0,ABB2_ensemble_rank2,1.6480677908731785
1248,7coe_H0-L0,ABB2_ensemble_rank3,2.8769177550545555
1249,7coe_H0-L0,IgFold_ensemble_rank_0,2.8535236293254864
1250,7coe_H0-L0,IgFold_ensemble_rank_1,2.7658548895338844
1251,7coe_H0-L0,IgFold_ensemble_rank_2,2.287399218897958
1252,7coe_H0-L0,IgFold_ensemble_rank_3,2.7214126877523235
1253,7coe_H0-L0,AF2_ensemble_rank_0,2.7789982971098337
1254,7coe_H0-L0,AF2_ensemble_rank_1,2.636301109863992
1255,7coe_H0-L0,AF2_ensemble_rank_2,2.7916709349490505
1256,7coe_H0-L0,AF2_ensemble_rank_3,3.03033128167479
1257,7coe_H0-L0,AF2_ensemble_rank_4,2.3732652954553806
1258,7ps6_C0-D0,ABodyBuilder2,0.8746345415309554
1259,7ps6_C0-D0,ABlooper,1.9750351195827736
1260,7ps6_C0-D0,AF2,1.332295460878268
1261,7ps6_C0-D0,IgFold,1.1884657240155463
1262,7ps6_C0-D0,ABB2_ensemble_rank0,0.8746345415309554
1263,7ps6_C0-D0,ABB2_ensemble_rank1,1.4530348846677197
1264,7ps6_C0-D0,ABB2_ensemble_rank2,1.1512978212648275
1265,7ps6_C0-D0,ABB2_ensemble_rank3,1.4118515536713556
1266,7ps6_C0-D0,IgFold_ensemble_rank_0,1.1884657240155463
1267,7ps6_C0-D0,IgFold_ensemble_rank_1,1.2192502231477327
1268,7ps6_C0-D0,IgFold_ensemble_rank_2,1.3840378207395139
1269,7ps6_C0-D0,IgFold_ensemble_rank_3,1.118935128800399
1270,7ps6_C0-D0,AF2_ensemble_rank_0,1.332295460878268
1271,7ps6_C0-D0,AF2_ensemble_rank_1,0.7896704015980297
1272,7ps6_C0-D0,AF2_ensemble_rank_2,1.319862243804576
1273,7ps6_C0-D0,AF2_ensemble_rank_3,1.2289666427966845
1274,7ps6_C0-D0,AF2_ensemble_rank_4,1.1541490282622873
1275,7q0g_H0-L0,ABodyBuilder2,2.600831716729073
1276,7q0g_H0-L0,ABlooper,3.7461556009566173
1277,7q0g_H0-L0,AF2,2.339991400180864
1278,7q0g_H0-L0,IgFold,2.3622265341765214
1279,7q0g_H0-L0,ABB2_ensemble_rank0,2.600831716729073
1280,7q0g_H0-L0,ABB2_ensemble_rank1,2.5002971057985204
1281,7q0g_H0-L0,ABB2_ensemble_rank2,2.565658233125122
1282,7q0g_H0-L0,ABB2_ensemble_rank3,2.449380688213729
1283,7q0g_H0-L0,IgFold_ensemble_rank_0,2.3622265341765214
1284,7q0g_H0-L0,IgFold_ensemble_rank_1,2.3544538928644436
1285,7q0g_H0-L0,IgFold_ensemble_rank_2,2.532329228922162
1286,7q0g_H0-L0,IgFold_ensemble_rank_3,2.299361004248478
1287,7q0g_H0-L0,AF2_ensemble_rank_0,2.339991400180864
1288,7q0g_H0-L0,AF2_ensemble_rank_1,2.3762764457635885
1289,7q0g_H0-L0,AF2_ensemble_rank_2,2.6232608854946893
1290,7q0g_H0-L0,AF2_ensemble_rank_3,2.33405746503741
1291,7q0g_H0-L0,AF2_ensemble_rank_4,2.3325232132106297
1292,7mzg_H0-L0,ABodyBuilder2,1.3051854236665155
1293,7mzg_H0-L0,ABlooper,2.423927499185978
1294,7mzg_H0-L0,AF2,1.8045350755291159
1295,7mzg_H0-L0,IgFold,1.580789800845494
1296,7mzg_H0-L0,ABB2_ensemble_rank0,1.3051854236665155
1297,7mzg_H0-L0,ABB2_ensemble_rank1,1.434557990266356
1298,7mzg_H0-L0,ABB2_ensemble_rank2,1.4690451166090865
1299,7mzg_H0-L0,ABB2_ensemble_rank3,1.5472602749765496
1300,7mzg_H0-L0,IgFold_ensemble_rank_0,1.580789800845494
1301,7mzg_H0-L0,IgFold_ensemble_rank_1,1.5004429617280026
1302,7mzg_H0-L0,IgFold_ensemble_rank_2,1.597166230751855
1303,7mzg_H0-L0,IgFold_ensemble_rank_3,1.6126467058227572
1304,7mzg_H0-L0,AF2_ensemble_rank_0,1.8045350755291159
1305,7mzg_H0-L0,AF2_ensemble_rank_1,1.7681987248047588
1306,7mzg_H0-L0,AF2_ensemble_rank_2,1.8403377777947985
1307,7mzg_H0-L0,AF2_ensemble_rank_3,1.8479479551111195
1308,7mzg_H0-L0,AF2_ensemble_rank_4,1.3078631543442991
1309,7pi7_B0-C0,ABodyBuilder2,0.8921405501519267
1310,7pi7_B0-C0,ABlooper,1.612820390912232
1311,7pi7_B0-C0,AF2,0.6188391174976217
1312,7pi7_B0-C0,IgFold,0.7102875082192964
1313,7pi7_B0-C0,ABB2_ensemble_rank0,0.8921405501519267
1314,7pi7_B0-C0,ABB2_ensemble_rank1,0.6874314938717042
1315,7pi7_B0-C0,ABB2_ensemble_rank2,0.9245456868627735
1316,7pi7_B0-C0,ABB2_ensemble_rank3,0.8799364350943303
1317,7pi7_B0-C0,IgFold_ensemble_rank_0,0.7102875082192964
1318,7pi7_B0-C0,IgFold_ensemble_rank_1,0.7331656705042072
1319,7pi7_B0-C0,IgFold_ensemble_rank_2,0.7061133452232641
1320,7pi7_B0-C0,IgFold_ensemble_rank_3,0.7545223163247808
1321,7pi7_B0-C0,AF2_ensemble_rank_0,0.6188391174976217
1322,7pi7_B0-C0,AF2_ensemble_rank_1,0.6154552955186607
1323,7pi7_B0-C0,AF2_ensemble_rank_2,0.6258364357429067
1324,7pi7_B0-C0,AF2_ensemble_rank_3,0.6198574982203374
1325,7pi7_B0-C0,AF2_ensemble_rank_4,0.6246800175763035
1326,7e5o_H0-L0,ABodyBuilder2,1.4735835120489764
1327,7e5o_H0-L0,ABlooper,2.0838493398416
1328,7e5o_H0-L0,AF2,1.0326966711504773
1329,7e5o_H0-L0,IgFold,1.3279059606132488
1330,7e5o_H0-L0,ABB2_ensemble_rank0,1.4735835120489764
1331,7e5o_H0-L0,ABB2_ensemble_rank1,1.4949984270607901
1332,7e5o_H0-L0,ABB2_ensemble_rank2,1.6934664571874465
1333,7e5o_H0-L0,ABB2_ensemble_rank3,1.6404909870662328
1334,7e5o_H0-L0,IgFold_ensemble_rank_0,1.3279059606132488
1335,7e5o_H0-L0,IgFold_ensemble_rank_1,1.3149743792614086
1336,7e5o_H0-L0,IgFold_ensemble_rank_2,1.2871581572147548
1337,7e5o_H0-L0,IgFold_ensemble_rank_3,1.411231334224473
1338,7e5o_H0-L0,AF2_ensemble_rank_0,1.0326966711504773
1339,7e5o_H0-L0,AF2_ensemble_rank_1,1.0752778616171785
1340,7e5o_H0-L0,AF2_ensemble_rank_2,0.9116466955579637
1341,7e5o_H0-L0,AF2_ensemble_rank_3,0.9193285300410151
1342,7e5o_H0-L0,AF2_ensemble_rank_4,1.0842808223580267
1343,7n3i_H0-L0,ABodyBuilder2,1.1507330418865616
1344,7n3i_H0-L0,ABlooper,2.0869939179197043
1345,7n3i_H0-L0,AF2,1.687134367573758
1346,7n3i_H0-L0,IgFold,1.4521111879272275
1347,7n3i_H0-L0,ABB2_ensemble_rank0,1.1507330418865616
1348,7n3i_H0-L0,ABB2_ensemble_rank1,1.1633065924820596
1349,7n3i_H0-L0,ABB2_ensemble_rank2,1.056910954444151
1350,7n3i_H0-L0,ABB2_ensemble_rank3,0.860576167324531
1351,7n3i_H0-L0,IgFold_ensemble_rank_0,1.4521111879272275
1352,7n3i_H0-L0,IgFold_ensemble_rank_1,1.460589668359144
1353,7n3i_H0-L0,IgFold_ensemble_rank_2,1.5191803750183255
1354,7n3i_H0-L0,IgFold_ensemble_rank_3,1.3290770091886746
1355,7n3i_H0-L0,AF2_ensemble_rank_0,1.687134367573758
1356,7n3i_H0-L0,AF2_ensemble_rank_1,1.6812962479594145
1357,7n3i_H0-L0,AF2_ensemble_rank_2,1.6895631258219046
1358,7n3i_H0-L0,AF2_ensemble_rank_3,1.7064081097800454
1359,7n3i_H0-L0,AF2_ensemble_rank_4,1.6848122066476745
1360,7ps2_H0-L0,ABodyBuilder2,3.1887037210908193
1361,7ps2_H0-L0,ABlooper,2.770474429489131
1362,7ps2_H0-L0,AF2,2.507087670271182
1363,7ps2_H0-L0,IgFold,2.7932579341110997
1364,7ps2_H0-L0,ABB2_ensemble_rank0,3.1887037210908193
1365,7ps2_H0-L0,ABB2_ensemble_rank1,2.856488441180816
1366,7ps2_H0-L0,ABB2_ensemble_rank2,2.573484430307887
1367,7ps2_H0-L0,ABB2_ensemble_rank3,3.277897585243582
1368,7ps2_H0-L0,IgFold_ensemble_rank_0,2.7932579341110997
1369,7ps2_H0-L0,IgFold_ensemble_rank_1,2.62778265829173
1370,7ps2_H0-L0,IgFold_ensemble_rank_2,2.476762024937767
1371,7ps2_H0-L0,IgFold_ensemble_rank_3,2.493411055932747
1372,7ps2_H0-L0,AF2_ensemble_rank_0,2.507087670271182
1373,7ps2_H0-L0,AF2_ensemble_rank_1,2.5330179553564567
1374,7ps2_H0-L0,AF2_ensemble_rank_2,2.184559896390568
1375,7ps2_H0-L0,AF2_ensemble_rank_3,2.2042692202655636
1376,7ps2_H0-L0,AF2_ensemble_rank_4,2.854250659310053
1377,7rks_H0-L0,ABodyBuilder2,4.2158473037645185
1378,7rks_H0-L0,ABlooper,4.505234804274463
1379,7rks_H0-L0,AF2,3.3433825502438315
1380,7rks_H0-L0,IgFold,3.9800308126840056
1381,7rks_H0-L0,ABB2_ensemble_rank0,4.2158473037645185
1382,7rks_H0-L0,ABB2_ensemble_rank1,4.107158845238177
1383,7rks_H0-L0,ABB2_ensemble_rank2,3.506822785118434
1384,7rks_H0-L0,ABB2_ensemble_rank3,3.804939926743236
1385,7rks_H0-L0,IgFold_ensemble_rank_0,3.9800308126840056
1386,7rks_H0-L0,IgFold_ensemble_rank_1,3.9533443300986173
1387,7rks_H0-L0,IgFold_ensemble_rank_2,4.325640995637279
1388,7rks_H0-L0,IgFold_ensemble_rank_3,3.694829020195793
1389,7rks_H0-L0,AF2_ensemble_rank_0,3.3433825502438315
1390,7rks_H0-L0,AF2_ensemble_rank_1,3.303432217172338
1391,7rks_H0-L0,AF2_ensemble_rank_2,3.4355163147010854
1392,7rks_H0-L0,AF2_ensemble_rank_3,3.358853567032633
1393,7rks_H0-L0,AF2_ensemble_rank_4,3.3150409878710536
1394,7kf0_H0-L0,ABodyBuilder2,1.9713374256009424
1395,7kf0_H0-L0,ABlooper,1.5952214049690978
1396,7kf0_H0-L0,AF2,2.011021619577159
1397,7kf0_H0-L0,IgFold,1.7374167772300038
1398,7kf0_H0-L0,ABB2_ensemble_rank0,1.9713374256009424
1399,7kf0_H0-L0,ABB2_ensemble_rank1,1.5561701466858955
1400,7kf0_H0-L0,ABB2_ensemble_rank2,1.7313647290716194
1401,7kf0_H0-L0,ABB2_ensemble_rank3,1.6530189162831825
1402,7kf0_H0-L0,IgFold_ensemble_rank_0,1.7374167772300038
1403,7kf0_H0-L0,IgFold_ensemble_rank_1,1.4026157551015337
1404,7kf0_H0-L0,IgFold_ensemble_rank_2,1.5731143684012794
1405,7kf0_H0-L0,IgFold_ensemble_rank_3,1.7436571978413602
1406,7kf0_H0-L0,AF2_ensemble_rank_0,2.011021619577159
1407,7kf0_H0-L0,AF2_ensemble_rank_1,1.8730056201261895
1408,7kf0_H0-L0,AF2_ensemble_rank_2,2.0093124190058202
1409,7kf0_H0-L0,AF2_ensemble_rank_3,2.049126867109742
1410,7kf0_H0-L0,AF2_ensemble_rank_4,1.8505112895152223
