pdb	paratope_rmsd	framework_rmsd	h3_rmsd
1AHW	0.6546521439716138	0.5165113024516925	0.4737130869515669
1DQJ	0.5459089130555549	0.4614544597225096	0.6100190524403895
1E6J	0.8265372554932437	0.8985426798827506	0.8028574169356211
1JPS	0.46657398081155893	0.4484718532875404	0.22368561472464357
1MLC	0.6727619753264326	0.5350403633407258	0.425259024387766
1S78	0.7069918322098055	0.6366260342048715	0.8181577832421492
1VFB	0.34950545821705253	0.5757241184668919	0.4713548809483981
1WEJ	0.32861492741032255	0.35963754134035153	0.3149540904385429
2DD8	0.5032088623089751	0.4745163471465039	0.5274897708241119
2FD6	0.8683861605023016	0.8609309928626844	0.34805627915498694
2FJG	3.695832733076957	0.7203381212615821	1.8973716158601828
2VIS	1.0205608340109127	0.6885117424095696	1.4885278032887788
2VXT	0.450997225963158	0.9671905396023985	0.9281677156335026
2W9E	0.7788158223886872	0.47213198042065047	0.34236647462532716
3EO1	1.5942051815917193	0.6001594698853379	0.49055987559744113
3EOA	0.4081729543513871	0.49848719141773146	0.5353963396156091
3G6D	0.5241969637819592	0.43376748089636163	0.3683728880083334
3HI6	1.7681836908830286	0.4908387118156259	2.9482025170815613
3HMX	0.5958420766833828	0.580066211013186	0.5873660903060592
3L5W	0.47233065317342027	0.6111197449911615	0.39407365588394333
3MJ9	0.6645791003625038	0.7591215994726993	0.5617901283182857
3MXW	0.44574990740222753	0.40108205284487886	0.5431361967650785
3RVW	0.46914223178365955	0.256140519042765	0.41087249005127807
3SE8	1.4710177955614179	0.9847396411819143	1.6959216709682903
3U7Y	0.7251329532562252	0.4455332786439892	0.8838018248608409
3V6Z	1.8374476747040902	0.23298616289721757	2.970152698195995
4DN4	0.9956042358221886	0.5838515719587014	0.326210010167532
4DW2	0.9334122054613411	0.9234537052747187	0.4155021159079661
4ETQ	0.37662499241999803	0.29612623334250887	0.5795762962378379
4FP8	0.3046988648644346	0.3781832549926519	0.5313428673836675
4FQI	0.6708681601358725	0.5005469754645152	0.4075179829856441
4G6J	0.392917361797456	0.5931111990434033	0.33704167092263687
4G6M	0.5037569828401943	0.4323959131106937	0.2525091424273785
4GXU	0.5336550105612565	0.46226563839489326	0.732437775676912
4M5Z	0.9394417418236839	0.5778147269428778	0.40719556109174393
5CBA	1.5013648534392527	1.8934794408198665	1.277947044322509
5GRJ	1.2057486604609964	1.0340635610467763	0.8989275649323004
5HYS	0.26796198412656796	0.5288536361366593	2.033852599838628
5KOV	0.6934806511552186	0.9985050882558277	1.1326748692231945
5O14	0.5953443340573562	0.34017560065073205	0.8640002085299309
5O1R	0.5984146215004232	0.9867568241500366	0.9063132267445337
5WHK	2.3912491769808706	0.4189775055508424	0.23685949162791028
5WK3	0.8433886188044656	0.32840785636002034	0.9889553040122346
5WUX	0.41122397883639517	0.5126026040231845	0.31913034542259616
5X0T	0.7669052041766258	0.7838687097046652	0.6842072058647777
5Y9J	0.9458952936084299	0.6196739569571286	0.6438131904443052
6A0Z	1.6845785133891706	0.6978481925657231	2.8682477119026557
6A77	0.7290428661374617	0.7646109859847334	1.179568518088192
6AL0	0.4916266864050093	0.521510439673428	0.2449833401982578
6B0S	0.7062586674999775	0.5089441845482766	0.6243515292770214
6BPC	0.5167514349877526	0.7784664194253562	0.40093645715886245
6OC3	0.49587514839321634	0.45491677529694147	0.3079896265599068
